Workbook

Sheet Como usar
A1: Fichas Concierge Milano — planilha
A2: Legenda: cinza = já preenchido e verificado · amarelo = você preenche
A4: A PLANILHA E O APP
B5: As colunas desta planilha são exatamente as mesmas do app, na mesma ordem.
B6: No app: aba Exportar → Copiar tabela (CSV) → cole na aba Fichas a partir da célula A1.
B7: Use o app para preencher em campo. Use a planilha para guardar, filtrar e consultar no computador.
A9: O QUE MARCAR
B10: Quase tudo é lista suspensa. Três colunas aceitam vários valores separados por ponto e vírgula:
B11: Serve para · Faixa etária · Ocasião · Não indicar para · Pontos fracos.
B12: No app isso é um toque por opção. Aqui, escreva igual ao vocabulário (a consulta procura o texto).
A14: VOCABULÁRIO (escreva exatamente assim)
A15: Serve para | B15: Casal · Família com crianças · Solo · Grupo · Negócios
A16: Faixa etária | B16: 18–30 · 30–50 · 50+ · Indiferente
A17: Ocasião | B17: Romântico · Celebração · Business · Cultural · Sem turistas · Instagram · Relax · Noite
A18: Pontos fracos | B18: Fila · Barulhento · Reserva difícil · Caro para o que entrega · Turístico demais ·
B19: Serviço lento · Sem opção vegetariana · Escada sem elevador · Fecha cedo · Mesa apertada
A21: A CONSULTA
B22: Pontos: ocasião +3 · serve para +3 · chuva +3 · faixa etária +2 · preço +2 · categoria +2 ·
B23: bairro +2 · sua nota +1 a +5. Elimina quem fecha no dia, quem está em 'Não indicar para',
B24: e — se você exigir — quem não estiver marcado como LGBTQIA+ friendly.
B25: Ela fica útil a partir de umas 30 fichas preenchidas.
A27: REGRA QUE NÃO MUDA
B28: Horários e telefones mudam. Antes de mandar um hóspede, confirme no dia.
B29: E não preencha ficha de lugar onde você não foi.
A31: Exemplo de linha preenchida
A32: Nota | B32: 4
A33: Faixa | B33: €€
A34: Serve para | B34: Casal; Solo
A35: Faixa etária | B35: 30–50; 50+
A36: Ocasião | B36: Cultural; Romântico
A37: Ruído | B37: Silencioso
A38: Chuva | B38: Sim
A39: LGBTQIA+ friendly | B39: Sim
A40: Ponto forte | B40: Sala do Mantegna vazia às 9h; Hayez no fim do percurso
A41: Plano B | B41: Ambrosiana, 8 min a pé

Sheet Consulta
A1: Consulta A / B / C
A2: Preencha os campos amarelos. As três opções aparecem abaixo.
A3: Composição do grupo | B3: Qualquer
A4: Ocasião | B4: Qualquer
A5: Dia da semana | B5: Qualquer
A6: Faixa de preço | B6: Qualquer
A7: Está chovendo | B7: Não
A8: Categoria | B8: Qualquer
A9: Bairro | B9: Qualquer
A10: Precisa ser LGBTQIA+ friendly | B10: Não
A11: Só lugares que já visitei | B11: Não
A12: Faixa etária | B12: Qualquer
A14: RESULTADO
B15: Lugar | C15: Bairro | D15: Categoria | E15: Faixa | F15: Fecha | G15: Transporte | H15: Ponto forte | I15: Plano B | J15: Nota
A16: A — principal | B16: =IFERROR(IF(LARGE(Fichas!$AF$2:$AF$260,1)<=0,"—",IF(INDEX(Fichas!$B$2:$B$260,MATCH(LARGE(Fichas!$AF$2:$AF$260,1),Fichas!$AF$2:$AF$260,0))=0,"—",INDEX(Fichas!$B$2:$B$260,MATCH(LARGE(Fichas!$AF$2:$AF$260,1),Fichas!$AF$2:$AF$260,0)))),"—") -> Duomo di Milano — Catedral | C16: =IFERROR(IF(LARGE(Fichas!$AF$2:$AF$260,1)<=0,"—",IF(INDEX(Fichas!$D$2:$D$260,MATCH(LARGE(Fichas!$AF$2:$AF$260,1),Fichas!$AF$2:$AF$260,0))=0,"—",INDEX(Fichas!$D$2:$D$260,MATCH(LARGE(Fichas!$AF$2:$AF$260,1),Fichas!$AF$2:$AF$260,0)))),"—") -> Duomo | D16: =IFERROR(IF(LARGE(Fichas!$AF$2:$AF$260,1)<=0,"—",IF(INDEX(Fichas!$C$2:$C$260,MATCH(LARGE(Fichas!$AF$2:$AF$260,1),Fichas!$AF$2:$AF$260,0))=0,"—",INDEX(Fichas!$C$2:$C$260,MATCH(LARGE(Fichas!$AF$2:$AF$260,1),Fichas!$AF$2:$AF$260,0)))),"—") -> Monumento | E16: =IFERROR(IF(LARGE(Fichas!$AF$2:$AF$260,1)<=0,"—",IF(INDEX(Fichas!$O$2:$O$260,MATCH(LARGE(Fichas!$AF$2:$AF$260,1),Fichas!$AF$2:$AF$260,0))=0,"—",INDEX(Fichas!$O$2:$O$260,MATCH(LARGE(Fichas!$AF$2:$AF$260,1),Fichas!$AF$2:$AF$260,0)))),"—") -> — | F16: =IFERROR(IF(LARGE(Fichas!$AF$2:$AF$260,1)<=0,"—",IF(INDEX(Fichas!$H$2:$H$260,MATCH(LARGE(Fichas!$AF$2:$AF$260,1),Fichas!$AF$2:$AF$260,0))=0,"—",INDEX(Fichas!$H$2:$H$260,MATCH(LARGE(Fichas!$AF$2:$AF$260,1),Fichas!$AF$2:$AF$260,0)))),"—") -> Nunca | G16: =IFERROR(IF(LARGE(Fichas!$AF$2:$AF$260,1)<=0,"—",IF(INDEX(Fichas!$K$2:$K$260,MATCH(LARGE(Fichas!$AF$2:$AF$260,1),Fichas!$AF$2:$AF$260,0))=0,"—",INDEX(Fichas!$K$2:$K$260,MATCH(LARGE(Fichas!$AF$2:$AF$260,1),Fichas!$AF$2:$AF$260,0)))),"—") -> M1/M3 Duomo | H16: =IFERROR(IF(LARGE(Fichas!$AF$2:$AF$260,1)<=0,"—",IF(INDEX(Fichas!$AD$2:$AD$260,MATCH(LARGE(Fichas!$AF$2:$AF$260,1),Fichas!$AF$2:$AF$260,0))=0,"—",INDEX(Fichas!$AD$2:$AD$260,MATCH(LARGE(Fichas!$AF$2:$AF$260,1),Fichas!$AF$2:$AF$260,0)))),"—") -> — | I16: =IFERROR(IF(LARGE(Fichas!$AF$2:$AF$260,1)<=0,"—",IF(INDEX(Fichas!$AE$2:$AE$260,MATCH(LARGE(Fichas!$AF$2:$AF$260,1),Fichas!$AF$2:$AF$260,0))=0,"—",INDEX(Fichas!$AE$2:$AE$260,MATCH(LARGE(Fichas!$AF$2:$AF$260,1),Fichas!$AF$2:$AF$260,0)))),"—") -> — | J16: =IFERROR(IF(LARGE(Fichas!$AF$2:$AF$260,1)<=0,"—",IF(INDEX(Fichas!$N$2:$N$260,MATCH(LARGE(Fichas!$AF$2:$AF$260,1),Fichas!$AF$2:$AF$260,0))=0,"—",INDEX(Fichas!$N$2:$N$260,MATCH(LARGE(Fichas!$AF$2:$AF$260,1),Fichas!$AF$2:$AF$260,0)))),"—") -> —
A17: B — equivalente | B17: =IFERROR(IF(LARGE(Fichas!$AF$2:$AF$260,2)<=0,"—",IF(INDEX(Fichas!$B$2:$B$260,MATCH(LARGE(Fichas!$AF$2:$AF$260,2),Fichas!$AF$2:$AF$260,0))=0,"—",INDEX(Fichas!$B$2:$B$260,MATCH(LARGE(Fichas!$AF$2:$AF$260,2),Fichas!$AF$2:$AF$260,0)))),"—") -> Duomo — Terrazze (terraços) | C17: =IFERROR(IF(LARGE(Fichas!$AF$2:$AF$260,2)<=0,"—",IF(INDEX(Fichas!$D$2:$D$260,MATCH(LARGE(Fichas!$AF$2:$AF$260,2),Fichas!$AF$2:$AF$260,0))=0,"—",INDEX(Fichas!$D$2:$D$260,MATCH(LARGE(Fichas!$AF$2:$AF$260,2),Fichas!$AF$2:$AF$260,0)))),"—") -> Duomo | D17: =IFERROR(IF(LARGE(Fichas!$AF$2:$AF$260,2)<=0,"—",IF(INDEX(Fichas!$C$2:$C$260,MATCH(LARGE(Fichas!$AF$2:$AF$260,2),Fichas!$AF$2:$AF$260,0))=0,"—",INDEX(Fichas!$C$2:$C$260,MATCH(LARGE(Fichas!$AF$2:$AF$260,2),Fichas!$AF$2:$AF$260,0)))),"—") -> Monumento | E17: =IFERROR(IF(LARGE(Fichas!$AF$2:$AF$260,2)<=0,"—",IF(INDEX(Fichas!$O$2:$O$260,MATCH(LARGE(Fichas!$AF$2:$AF$260,2),Fichas!$AF$2:$AF$260,0))=0,"—",INDEX(Fichas!$O$2:$O$260,MATCH(LARGE(Fichas!$AF$2:$AF$260,2),Fichas!$AF$2:$AF$260,0)))),"—") -> — | F17: =IFERROR(IF(LARGE(Fichas!$AF$2:$AF$260,2)<=0,"—",IF(INDEX(Fichas!$H$2:$H$260,MATCH(LARGE(Fichas!$AF$2:$AF$260,2),Fichas!$AF$2:$AF$260,0))=0,"—",INDEX(Fichas!$H$2:$H$260,MATCH(LARGE(Fichas!$AF$2:$AF$260,2),Fichas!$AF$2:$AF$260,0)))),"—") -> Nunca | G17: =IFERROR(IF(LARGE(Fichas!$AF$2:$AF$260,2)<=0,"—",IF(INDEX(Fichas!$K$2:$K$260,MATCH(LARGE(Fichas!$AF$2:$AF$260,2),Fichas!$AF$2:$AF$260,0))=0,"—",INDEX(Fichas!$K$2:$K$260,MATCH(LARGE(Fichas!$AF$2:$AF$260,2),Fichas!$AF$2:$AF$260,0)))),"—") -> M1/M3 Duomo | H17: =IFERROR(IF(LARGE(Fichas!$AF$2:$AF$260,2)<=0,"—",IF(INDEX(Fichas!$AD$2:$AD$260,MATCH(LARGE(Fichas!$AF$2:$AF$260,2),Fichas!$AF$2:$AF$260,0))=0,"—",INDEX(Fichas!$AD$2:$AD$260,MATCH(LARGE(Fichas!$AF$2:$AF$260,2),Fichas!$AF$2:$AF$260,0)))),"—") -> — | I17: =IFERROR(IF(LARGE(Fichas!$AF$2:$AF$260,2)<=0,"—",IF(INDEX(Fichas!$AE$2:$AE$260,MATCH(LARGE(Fichas!$AF$2:$AF$260,2),Fichas!$AF$2:$AF$260,0))=0,"—",INDEX(Fichas!$AE$2:$AE$260,MATCH(LARGE(Fichas!$AF$2:$AF$260,2),Fichas!$AF$2:$AF$260,0)))),"—") -> — | J17: =IFERROR(IF(LARGE(Fichas!$AF$2:$AF$260,2)<=0,"—",IF(INDEX(Fichas!$N$2:$N$260,MATCH(LARGE(Fichas!$AF$2:$AF$260,2),Fichas!$AF$2:$AF$260,0))=0,"—",INDEX(Fichas!$N$2:$N$260,MATCH(LARGE(Fichas!$AF$2:$AF$260,2),Fichas!$AF$2:$AF$260,0)))),"—") -> —
A18: C — alternativa | B18: =IFERROR(IF(LARGE(Fichas!$AF$2:$AF$260,3)<=0,"—",IF(INDEX(Fichas!$B$2:$B$260,MATCH(LARGE(Fichas!$AF$2:$AF$260,3),Fichas!$AF$2:$AF$260,0))=0,"—",INDEX(Fichas!$B$2:$B$260,MATCH(LARGE(Fichas!$AF$2:$AF$260,3),Fichas!$AF$2:$AF$260,0)))),"—") -> Museo del Duomo | C18: =IFERROR(IF(LARGE(Fichas!$AF$2:$AF$260,3)<=0,"—",IF(INDEX(Fichas!$D$2:$D$260,MATCH(LARGE(Fichas!$AF$2:$AF$260,3),Fichas!$AF$2:$AF$260,0))=0,"—",INDEX(Fichas!$D$2:$D$260,MATCH(LARGE(Fichas!$AF$2:$AF$260,3),Fichas!$AF$2:$AF$260,0)))),"—") -> Duomo | D18: =IFERROR(IF(LARGE(Fichas!$AF$2:$AF$260,3)<=0,"—",IF(INDEX(Fichas!$C$2:$C$260,MATCH(LARGE(Fichas!$AF$2:$AF$260,3),Fichas!$AF$2:$AF$260,0))=0,"—",INDEX(Fichas!$C$2:$C$260,MATCH(LARGE(Fichas!$AF$2:$AF$260,3),Fichas!$AF$2:$AF$260,0)))),"—") -> Museu | E18: =IFERROR(IF(LARGE(Fichas!$AF$2:$AF$260,3)<=0,"—",IF(INDEX(Fichas!$O$2:$O$260,MATCH(LARGE(Fichas!$AF$2:$AF$260,3),Fichas!$AF$2:$AF$260,0))=0,"—",INDEX(Fichas!$O$2:$O$260,MATCH(LARGE(Fichas!$AF$2:$AF$260,3),Fichas!$AF$2:$AF$260,0)))),"—") -> — | F18: =IFERROR(IF(LARGE(Fichas!$AF$2:$AF$260,3)<=0,"—",IF(INDEX(Fichas!$H$2:$H$260,MATCH(LARGE(Fichas!$AF$2:$AF$260,3),Fichas!$AF$2:$AF$260,0))=0,"—",INDEX(Fichas!$H$2:$H$260,MATCH(LARGE(Fichas!$AF$2:$AF$260,3),Fichas!$AF$2:$AF$260,0)))),"—") -> Quarta | G18: =IFERROR(IF(LARGE(Fichas!$AF$2:$AF$260,3)<=0,"—",IF(INDEX(Fichas!$K$2:$K$260,MATCH(LARGE(Fichas!$AF$2:$AF$260,3),Fichas!$AF$2:$AF$260,0))=0,"—",INDEX(Fichas!$K$2:$K$260,MATCH(LARGE(Fichas!$AF$2:$AF$260,3),Fichas!$AF$2:$AF$260,0)))),"—") -> M1/M3 Duomo | H18: =IFERROR(IF(LARGE(Fichas!$AF$2:$AF$260,3)<=0,"—",IF(INDEX(Fichas!$AD$2:$AD$260,MATCH(LARGE(Fichas!$AF$2:$AF$260,3),Fichas!$AF$2:$AF$260,0))=0,"—",INDEX(Fichas!$AD$2:$AD$260,MATCH(LARGE(Fichas!$AF$2:$AF$260,3),Fichas!$AF$2:$AF$260,0)))),"—") -> — | I18: =IFERROR(IF(LARGE(Fichas!$AF$2:$AF$260,3)<=0,"—",IF(INDEX(Fichas!$AE$2:$AE$260,MATCH(LARGE(Fichas!$AF$2:$AF$260,3),Fichas!$AF$2:$AF$260,0))=0,"—",INDEX(Fichas!$AE$2:$AE$260,MATCH(LARGE(Fichas!$AF$2:$AF$260,3),Fichas!$AF$2:$AF$260,0)))),"—") -> — | J18: =IFERROR(IF(LARGE(Fichas!$AF$2:$AF$260,3)<=0,"—",IF(INDEX(Fichas!$N$2:$N$260,MATCH(LARGE(Fichas!$AF$2:$AF$260,3),Fichas!$AF$2:$AF$260,0))=0,"—",INDEX(Fichas!$N$2:$N$260,MATCH(LARGE(Fichas!$AF$2:$AF$260,3),Fichas!$AF$2:$AF$260,0)))),"—") -> —
A20: Se aparecer '—', não há ficha preenchida que atenda. Alargue os critérios ou preencha mais fichas.

Sheet Listas
A1: cat | B1: bairro | C1: fecha | D1: reserva | E1: simnao | F1: tri | G1: nota | H1: faixa | I1: ruido | J1: grupo | K1: espera | L1: ateTarde | M1: dias | N1: composicao | O1: idade | P1: ocasiao | Q1: qComposicao | R1: qIdade | S1: qOcasiao | T1: qFaixa | U1: qCat | V1: qBairro | W1: qDia
A2: Museu | B2: 5Vie | C2: Segunda | D2: Não precisa | E2: Sim | F2: Sim | G2: 1 | H2: Gratuito | I2: Silencioso | J2: até 2 | K2: Entra direto | L2: Fecha 22h | M2: Segunda | N2: Casal | O2: 18–30 | P2: Romântico | Q2: Qualquer | R2: Qualquer | S2: Qualquer | T2: Qualquer | U2: Qualquer | V2: Qualquer | W2: Qualquer
A3: Igreja | B3: Bicocca | C3: Terça | D3: Recomendada | E3: Não | F3: Não | G3: 2 | H3: € | I3: Conversa fácil | J3: até 4 | K3: Até 15 min | L3: Fecha 23h | M3: Terça | N3: Família com crianças | O3: 30–50 | P3: Celebração | Q3: Casal | R3: 18–30 | S3: Romântico | T3: Gratuito | U3: Museu | V3: 5Vie | W3: Segunda
A4: Monumento | B4: Brera | C4: Quarta | D4: Obrigatória | F4: Não sei | G4: 3 | H4: €€ | I4: Animado | J4: até 6 | K4: Reservar antes | L4: Fecha 00h | M4: Quarta | N4: Solo | O4: 50+ | P4: Business | Q4: Família com crianças | R4: 30–50 | S4: Celebração | T4: € | U4: Igreja | V4: Bicocca | W4: Terça
A5: Restaurante | B5: Castello | C5: Quinta | D5: Appointment | G5: 4 | H5: €€€ | I5: Alto | J5: até 10 | K5: Lista de espera real | L5: Depois de 00h | M5: Quinta | N5: Grupo | O5: Indiferente | P5: Cultural | Q5: Solo | R5: 50+ | S5: Business | T5: €€ | U5: Monumento | V5: Brera | W5: Quarta
A6: Trattoria | B6: Centrale | C6: Sexta | G6: 5 | H6: €€€€ | J6: mais de 10 | L6: Não se aplica | M6: Sexta | N6: Negócios | P6: Sem turistas | Q6: Grupo | S6: Cultural | T6: €€€ | U6: Restaurante | V6: Castello | W6: Quinta
A7: Alta gastronomia | B7: Centro | C7: Sábado | M7: Sábado | P7: Instagram | Q7: Negócios | S7: Sem turistas | T7: €€€€ | U7: Trattoria | V7: Centrale | W7: Sexta
A8: Bar/Cocktail | B8: Chiaravalle | C8: Domingo | M8: Domingo | P8: Relax | S8: Instagram | U8: Alta gastronomia | V8: Centro | W8: Sábado
A9: Aperitivo | B9: CityLife | C9: Seg e ter | P9: Noite | S9: Relax | U9: Bar/Cocktail | V9: Chiaravalle | W9: Domingo
A10: Café/Pasticceria | B10: Corso Vercelli/Pagano | C10: Nunca | S10: Noite | U10: Aperitivo | V10: CityLife
A11: Rooftop | B11: Duomo | C11: Variável | U11: Café/Pasticceria | V11: Corso Vercelli/Pagano
A12: Hotel | B12: Fora de Milão | U12: Rooftop | V12: Duomo
A13: Loja/Moda | B13: Isola | U13: Hotel | V13: Fora de Milão
A14: Mercado | B14: Navigli | U14: Loja/Moda | V14: Isola
A15: Parque | B15: Ovest (Soderini/San Gimignano) | U15: Mercado | V15: Navigli
A16: Experiência | B16: Porta Nuova | U16: Parque | V16: Ovest (Soderini/San Gimignano)
A17: Serviço | B17: Porta Romana | U17: Experiência | V17: Porta Nuova
A18: Day trip | B18: Porta Venezia | U18: Serviço | V18: Porta Romana
B19: Portello | U19: Day trip | V19: Porta Venezia
B20: QT8 | V20: Portello
B21: Quadrilatero | V21: QT8
B22: Repubblica | V22: Quadrilatero
B23: San Siro | V23: Repubblica
B24: Sant'Ambrogio | V24: San Siro
B25: Sarpi/Monumentale | V25: Sant'Ambrogio
B26: Ticinese | V26: Sarpi/Monumentale
B27: Tortona | V27: Ticinese
V28: Tortona

Sheet Fichas
A1: Semana | B1: Nome | C1: Categoria | D1: Bairro | E1: Endereço | F1: Telefone | G1: Site | H1: Fecha | I1: Horário | J1: Reserva | K1: Transporte | L1: Visitado | M1: Data | N1: Nota | O1: Faixa | P1: Serve para | Q1: Faixa etária | R1: Ocasião | S1: Ruído | T1: Grupo | U1: Chuva | V1: LGBTQIA+ friendly | W1: Acessível | X1: Cães | Y1: Espera | Z1: Até tarde | AA1: Não indicar para | AB1: Pontos fracos | AC1: Descrição | AD1: Ponto forte | AE1: Plano B | AF1: Pontuação
A2: 1 | B2: Duomo di Milano — Catedral | C2: Monumento | D2: Duomo | E2: Piazza del Duomo | G2: duomomilano.it | H2: Nunca | I2: ~9:00–19:00 (varia) | J2: Recomendada | K2: M1/M3 Duomo | L2: Não | AF2: =IF($B2="","",IF(AND(Consulta!$B$11="Sim",$L2<>"Sim"),-9999,IF($H2=Consulta!$B$5,-9999,IF(AND(Consulta!$B$3<>"Qualquer",ISNUMBER(SEARCH(Consulta!$B$3,$AA2))),-9999,IF(AND(Consulta!$B$10="Sim",$V2<>"Sim"),-9999,IF(OR(Consulta!$B$3="Qualquer",ISNUMBER(SEARCH(Consulta!$B$3,$P2))),3,0)+IF(OR(Consulta!$B$12="Qualquer",ISNUMBER(SEARCH(Consulta!$B$12,$Q2))),2,0)+IF(OR(Consulta!$B$4="Qualquer",ISNUMBER(SEARCH(Consulta!$B$4,$R2))),3,0)+IF(Consulta!$B$6="Qualquer",0,IF($O2=Consulta!$B$6,2,-1))+IF(Consulta!$B$7="Não",0,IF($U2="Sim",3,IF($U2="Não",-6,0)))+IF(Consulta!$B$8="Qualquer",0,IF($C2=Consulta!$B$8,2,-3))+IF(Consulta!$B$9="Qualquer",0,IF($D2=Consulta!$B$9,2,-1))+IF($N2="",0,$N2)-ROW()/100000))))) -> 7.99998
A3: 1 | B3: Duomo — Terrazze (terraços) | C3: Monumento | D3: Duomo | E3: Piazza del Duomo | G3: duomomilano.it | H3: Nunca | I3: ~9:00–19:00 | J3: Recomendada | K3: M1/M3 Duomo | L3: Não | AF3: =IF($B3="","",IF(AND(Consulta!$B$11="Sim",$L3<>"Sim"),-9999,IF($H3=Consulta!$B$5,-9999,IF(AND(Consulta!$B$3<>"Qualquer",ISNUMBER(SEARCH(Consulta!$B$3,$AA3))),-9999,IF(AND(Consulta!$B$10="Sim",$V3<>"Sim"),-9999,IF(OR(Consulta!$B$3="Qualquer",ISNUMBER(SEARCH(Consulta!$B$3,$P3))),3,0)+IF(OR(Consulta!$B$12="Qualquer",ISNUMBER(SEARCH(Consulta!$B$12,$Q3))),2,0)+IF(OR(Consulta!$B$4="Qualquer",ISNUMBER(SEARCH(Consulta!$B$4,$R3))),3,0)+IF(Consulta!$B$6="Qualquer",0,IF($O3=Consulta!$B$6,2,-1))+IF(Consulta!$B$7="Não",0,IF($U3="Sim",3,IF($U3="Não",-6,0)))+IF(Consulta!$B$8="Qualquer",0,IF($C3=Consulta!$B$8,2,-3))+IF(Consulta!$B$9="Qualquer",0,IF($D3=Consulta!$B$9,2,-1))+IF($N3="",0,$N3)-ROW()/100000))))) -> 7.99997
A4: 1 | B4: Museo del Duomo | C4: Museu | D4: Duomo | E4: Piazza del Duomo 12 | G4: duomomilano.it | H4: Quarta | I4: 10:00–19:00 | J4: Não precisa | K4: M1/M3 Duomo | L4: Não | AF4: =IF($B4="","",IF(AND(Consulta!$B$11="Sim",$L4<>"Sim"),-9999,IF($H4=Consulta!$B$5,-9999,IF(AND(Consulta!$B$3<>"Qualquer",ISNUMBER(SEARCH(Consulta!$B$3,$AA4))),-9999,IF(AND(Consulta!$B$10="Sim",$V4<>"Sim"),-9999,IF(OR(Consulta!$B$3="Qualquer",ISNUMBER(SEARCH(Consulta!$B$3,$P4))),3,0)+IF(OR(Consulta!$B$12="Qualquer",ISNUMBER(SEARCH(Consulta!$B$12,$Q4))),2,0)+IF(OR(Consulta!$B$4="Qualquer",ISNUMBER(SEARCH(Consulta!$B$4,$R4))),3,0)+IF(Consulta!$B$6="Qualquer",0,IF($O4=Consulta!$B$6,2,-1))+IF(Consulta!$B$7="Não",0,IF($U4="Sim",3,IF($U4="Não",-6,0)))+IF(Consulta!$B$8="Qualquer",0,IF($C4=Consulta!$B$8,2,-3))+IF(Consulta!$B$9="Qualquer",0,IF($D4=Consulta!$B$9,2,-1))+IF($N4="",0,$N4)-ROW()/100000))))) -> 7.99996
A5: 1 | B5: Galleria Vittorio Emanuele II | C5: Monumento | D5: Duomo | E5: Piazza del Duomo | H5: Nunca | I5: Sempre aberta | J5: Não precisa | K5: M1/M3 Duomo | L5: Não | AF5: =IF($B5="","",IF(AND(Consulta!$B$11="Sim",$L5<>"Sim"),-9999,IF($H5=Consulta!$B$5,-9999,IF(AND(Consulta!$B$3<>"Qualquer",ISNUMBER(SEARCH(Consulta!$B$3,$AA5))),-9999,IF(AND(Consulta!$B$10="Sim",$V5<>"Sim"),-9999,IF(OR(Consulta!$B$3="Qualquer",ISNUMBER(SEARCH(Consulta!$B$3,$P5))),3,0)+IF(OR(Consulta!$B$12="Qualquer",ISNUMBER(SEARCH(Consulta!$B$12,$Q5))),2,0)+IF(OR(Consulta!$B$4="Qualquer",ISNUMBER(SEARCH(Consulta!$B$4,$R5))),3,0)+IF(Consulta!$B$6="Qualquer",0,IF($O5=Consulta!$B$6,2,-1))+IF(Consulta!$B$7="Não",0,IF($U5="Sim",3,IF($U5="Não",-6,0)))+IF(Consulta!$B$8="Qualquer",0,IF($C5=Consulta!$B$8,2,-3))+IF(Consulta!$B$9="Qualquer",0,IF($D5=Consulta!$B$9,2,-1))+IF($N5="",0,$N5)-ROW()/100000))))) -> 7.99995
A6: 1 | B6: Teatro alla Scala — Museo Teatrale | C6: Museu | D6: Duomo | E6: Largo Ghiringhelli 1 | G6: teatroallascala.org | H6: Nunca | I6: 9:30–17:30 (últ. 17:00) | J6: Recomendada | K6: M1 Cordusio / M3 Montenapoleone | L6: Não | AF6: =IF($B6="","",IF(AND(Consulta!$B$11="Sim",$L6<>"Sim"),-9999,IF($H6=Consulta!$B$5,-9999,IF(AND(Consulta!$B$3<>"Qualquer",ISNUMBER(SEARCH(Consulta!$B$3,$AA6))),-9999,IF(AND(Consulta!$B$10="Sim",$V6<>"Sim"),-9999,IF(OR(Consulta!$B$3="Qualquer",ISNUMBER(SEARCH(Consulta!$B$3,$P6))),3,0)+IF(OR(Consulta!$B$12="Qualquer",ISNUMBER(SEARCH(Consulta!$B$12,$Q6))),2,0)+IF(OR(Consulta!$B$4="Qualquer",ISNUMBER(SEARCH(Consulta!$B$4,$R6))),3,0)+IF(Consulta!$B$6="Qualquer",0,IF($O6=Consulta!$B$6,2,-1))+IF(Consulta!$B$7="Não",0,IF($U6="Sim",3,IF($U6="Não",-6,0)))+IF(Consulta!$B$8="Qualquer",0,IF($C6=Consulta!$B$8,2,-3))+IF(Consulta!$B$9="Qualquer",0,IF($D6=Consulta!$B$9,2,-1))+IF($N6="",0,$N6)-ROW()/100000))))) -> 7.99994
A7: 1 | B7: Museo del Novecento | C7: Museu | D7: Duomo | E7: Via Marconi 1 (Arengario) | G7: museodelnovecento.org | H7: Segunda | I7: 10:00–19:30; qui até 22:30 | J7: Recomendada | K7: M1/M3 Duomo | L7: Não | AF7: =IF($B7="","",IF(AND(Consulta!$B$11="Sim",$L7<>"Sim"),-9999,IF($H7=Consulta!$B$5,-9999,IF(AND(Consulta!$B$3<>"Qualquer",ISNUMBER(SEARCH(Consulta!$B$3,$AA7))),-9999,IF(AND(Consulta!$B$10="Sim",$V7<>"Sim"),-9999,IF(OR(Consulta!$B$3="Qualquer",ISNUMBER(SEARCH(Consulta!$B$3,$P7))),3,0)+IF(OR(Consulta!$B$12="Qualquer",ISNUMBER(SEARCH(Consulta!$B$12,$Q7))),2,0)+IF(OR(Consulta!$B$4="Qualquer",ISNUMBER(SEARCH(Consulta!$B$4,$R7))),3,0)+IF(Consulta!$B$6="Qualquer",0,IF($O7=Consulta!$B$6,2,-1))+IF(Consulta!$B$7="Não",0,IF($U7="Sim",3,IF($U7="Não",-6,0)))+IF(Consulta!$B$8="Qualquer",0,IF($C7=Consulta!$B$8,2,-3))+IF(Consulta!$B$9="Qualquer",0,IF($D7=Consulta!$B$9,2,-1))+IF($N7="",0,$N7)-ROW()/100000))))) -> 7.99993
A8: 1 | B8: Palazzo Reale | C8: Museu | D8: Duomo | E8: Piazza del Duomo 12 | H8: Segunda | I8: Varia por exposição | J8: Recomendada | K8: M1/M3 Duomo | L8: Não | AF8: =IF($B8="","",IF(AND(Consulta!$B$11="Sim",$L8<>"Sim"),-9999,IF($H8=Consulta!$B$5,-9999,IF(AND(Consulta!$B$3<>"Qualquer",ISNUMBER(SEARCH(Consulta!$B$3,$AA8))),-9999,IF(AND(Consulta!$B$10="Sim",$V8<>"Sim"),-9999,IF(OR(Consulta!$B$3="Qualquer",ISNUMBER(SEARCH(Consulta!$B$3,$P8))),3,0)+IF(OR(Consulta!$B$12="Qualquer",ISNUMBER(SEARCH(Consulta!$B$12,$Q8))),2,0)+IF(OR(Consulta!$B$4="Qualquer",ISNUMBER(SEARCH(Consulta!$B$4,$R8))),3,0)+IF(Consulta!$B$6="Qualquer",0,IF($O8=Consulta!$B$6,2,-1))+IF(Consulta!$B$7="Não",0,IF($U8="Sim",3,IF($U8="Não",-6,0)))+IF(Consulta!$B$8="Qualquer",0,IF($C8=Consulta!$B$8,2,-3))+IF(Consulta!$B$9="Qualquer",0,IF($D8=Consulta!$B$9,2,-1))+IF($N8="",0,$N8)-ROW()/100000))))) -> 7.99992
A9: 1 | B9: Gallerie d'Italia | C9: Museu | D9: Duomo | E9: Piazza della Scala 6 | G9: gallerieditalia.com | H9: Segunda | J9: Recomendada | K9: M1 Cordusio | L9: Não | AF9: =IF($B9="","",IF(AND(Consulta!$B$11="Sim",$L9<>"Sim"),-9999,IF($H9=Consulta!$B$5,-9999,IF(AND(Consulta!$B$3<>"Qualquer",ISNUMBER(SEARCH(Consulta!$B$3,$AA9))),-9999,IF(AND(Consulta!$B$10="Sim",$V9<>"Sim"),-9999,IF(OR(Consulta!$B$3="Qualquer",ISNUMBER(SEARCH(Consulta!$B$3,$P9))),3,0)+IF(OR(Consulta!$B$12="Qualquer",ISNUMBER(SEARCH(Consulta!$B$12,$Q9))),2,0)+IF(OR(Consulta!$B$4="Qualquer",ISNUMBER(SEARCH(Consulta!$B$4,$R9))),3,0)+IF(Consulta!$B$6="Qualquer",0,IF($O9=Consulta!$B$6,2,-1))+IF(Consulta!$B$7="Não",0,IF($U9="Sim",3,IF($U9="Não",-6,0)))+IF(Consulta!$B$8="Qualquer",0,IF($C9=Consulta!$B$8,2,-3))+IF(Consulta!$B$9="Qualquer",0,IF($D9=Consulta!$B$9,2,-1))+IF($N9="",0,$N9)-ROW()/100000))))) -> 7.99991
A10: 1 | B10: Camparino in Galleria | C10: Aperitivo | D10: Duomo | E10: Piazza del Duomo 21 | F10: +39 02 8646 4435 | G10: camparino.com | I10: Bar di Passo até ~23h | J10: Recomendada | K10: M1/M3 Duomo | L10: Não | AF10: =IF($B10="","",IF(AND(Consulta!$B$11="Sim",$L10<>"Sim"),-9999,IF($H10=Consulta!$B$5,-9999,IF(AND(Consulta!$B$3<>"Qualquer",ISNUMBER(SEARCH(Consulta!$B$3,$AA10))),-9999,IF(AND(Consulta!$B$10="Sim",$V10<>"Sim"),-9999,IF(OR(Consulta!$B$3="Qualquer",ISNUMBER(SEARCH(Consulta!$B$3,$P10))),3,0)+IF(OR(Consulta!$B$12="Qualquer",ISNUMBER(SEARCH(Consulta!$B$12,$Q10))),2,0)+IF(OR(Consulta!$B$4="Qualquer",ISNUMBER(SEARCH(Consulta!$B$4,$R10))),3,0)+IF(Consulta!$B$6="Qualquer",0,IF($O10=Consulta!$B$6,2,-1))+IF(Consulta!$B$7="Não",0,IF($U10="Sim",3,IF($U10="Não",-6,0)))+IF(Consulta!$B$8="Qualquer",0,IF($C10=Consulta!$B$8,2,-3))+IF(Consulta!$B$9="Qualquer",0,IF($D10=Consulta!$B$9,2,-1))+IF($N10="",0,$N10)-ROW()/100000))))) -> 7.9999
A11: 1 | B11: Marchesi 1824 | C11: Café/Pasticceria | D11: Duomo | E11: Galleria Vittorio Emanuele II | F11: +39 02 9418 1710 | G11: marchesi1824.com | J11: Não precisa | K11: M1/M3 Duomo | L11: Não | AF11: =IF($B11="","",IF(AND(Consulta!$B$11="Sim",$L11<>"Sim"),-9999,IF($H11=Consulta!$B$5,-9999,IF(AND(Consulta!$B$3<>"Qualquer",ISNUMBER(SEARCH(Consulta!$B$3,$AA11))),-9999,IF(AND(Consulta!$B$10="Sim",$V11<>"Sim"),-9999,IF(OR(Consulta!$B$3="Qualquer",ISNUMBER(SEARCH(Consulta!$B$3,$P11))),3,0)+IF(OR(Consulta!$B$12="Qualquer",ISNUMBER(SEARCH(Consulta!$B$12,$Q11))),2,0)+IF(OR(Consulta!$B$4="Qualquer",ISNUMBER(SEARCH(Consulta!$B$4,$R11))),3,0)+IF(Consulta!$B$6="Qualquer",0,IF($O11=Consulta!$B$6,2,-1))+IF(Consulta!$B$7="Não",0,IF($U11="Sim",3,IF($U11="Não",-6,0)))+IF(Consulta!$B$8="Qualquer",0,IF($C11=Consulta!$B$8,2,-3))+IF(Consulta!$B$9="Qualquer",0,IF($D11=Consulta!$B$9,2,-1))+IF($N11="",0,$N11)-ROW()/100000))))) -> 7.99989
A12: 1 | B12: Cracco | C12: Alta gastronomia | D12: Duomo | E12: Galleria Vittorio Emanuele II | F12: +39 02 876774 | G12: ristorantecracco.it | J12: Obrigatória | K12: M1/M3 Duomo | L12: Não | AF12: =IF($B12="","",IF(AND(Consulta!$B$11="Sim",$L12<>"Sim"),-9999,IF($H12=Consulta!$B$5,-9999,IF(AND(Consulta!$B$3<>"Qualquer",ISNUMBER(SEARCH(Consulta!$B$3,$AA12))),-9999,IF(AND(Consulta!$B$10="Sim",$V12<>"Sim"),-9999,IF(OR(Consulta!$B$3="Qualquer",ISNUMBER(SEARCH(Consulta!$B$3,$P12))),3,0)+IF(OR(Consulta!$B$12="Qualquer",ISNUMBER(SEARCH(Consulta!$B$12,$Q12))),2,0)+IF(OR(Consulta!$B$4="Qualquer",ISNUMBER(SEARCH(Consulta!$B$4,$R12))),3,0)+IF(Consulta!$B$6="Qualquer",0,IF($O12=Consulta!$B$6,2,-1))+IF(Consulta!$B$7="Não",0,IF($U12="Sim",3,IF($U12="Não",-6,0)))+IF(Consulta!$B$8="Qualquer",0,IF($C12=Consulta!$B$8,2,-3))+IF(Consulta!$B$9="Qualquer",0,IF($D12=Consulta!$B$9,2,-1))+IF($N12="",0,$N12)-ROW()/100000))))) -> 7.99988
A13: 1 | B13: La Rinascente + terraço | C13: Loja/Moda | D13: Duomo | E13: Piazza del Duomo | G13: rinascente.it | H13: Nunca | J13: Não precisa | K13: M1/M3 Duomo | L13: Não | AF13: =IF($B13="","",IF(AND(Consulta!$B$11="Sim",$L13<>"Sim"),-9999,IF($H13=Consulta!$B$5,-9999,IF(AND(Consulta!$B$3<>"Qualquer",ISNUMBER(SEARCH(Consulta!$B$3,$AA13))),-9999,IF(AND(Consulta!$B$10="Sim",$V13<>"Sim"),-9999,IF(OR(Consulta!$B$3="Qualquer",ISNUMBER(SEARCH(Consulta!$B$3,$P13))),3,0)+IF(OR(Consulta!$B$12="Qualquer",ISNUMBER(SEARCH(Consulta!$B$12,$Q13))),2,0)+IF(OR(Consulta!$B$4="Qualquer",ISNUMBER(SEARCH(Consulta!$B$4,$R13))),3,0)+IF(Consulta!$B$6="Qualquer",0,IF($O13=Consulta!$B$6,2,-1))+IF(Consulta!$B$7="Não",0,IF($U13="Sim",3,IF($U13="Não",-6,0)))+IF(Consulta!$B$8="Qualquer",0,IF($C13=Consulta!$B$8,2,-3))+IF(Consulta!$B$9="Qualquer",0,IF($D13=Consulta!$B$9,2,-1))+IF($N13="",0,$N13)-ROW()/100000))))) -> 7.99987
A14: 1 | B14: Piazza dei Mercanti | C14: Monumento | D14: Duomo | E14: Piazza dei Mercanti | H14: Nunca | I14: Sempre aberta | J14: Não precisa | K14: M1 Cordusio | L14: Não | AF14: =IF($B14="","",IF(AND(Consulta!$B$11="Sim",$L14<>"Sim"),-9999,IF($H14=Consulta!$B$5,-9999,IF(AND(Consulta!$B$3<>"Qualquer",ISNUMBER(SEARCH(Consulta!$B$3,$AA14))),-9999,IF(AND(Consulta!$B$10="Sim",$V14<>"Sim"),-9999,IF(OR(Consulta!$B$3="Qualquer",ISNUMBER(SEARCH(Consulta!$B$3,$P14))),3,0)+IF(OR(Consulta!$B$12="Qualquer",ISNUMBER(SEARCH(Consulta!$B$12,$Q14))),2,0)+IF(OR(Consulta!$B$4="Qualquer",ISNUMBER(SEARCH(Consulta!$B$4,$R14))),3,0)+IF(Consulta!$B$6="Qualquer",0,IF($O14=Consulta!$B$6,2,-1))+IF(Consulta!$B$7="Não",0,IF($U14="Sim",3,IF($U14="Não",-6,0)))+IF(Consulta!$B$8="Qualquer",0,IF($C14=Consulta!$B$8,2,-3))+IF(Consulta!$B$9="Qualquer",0,IF($D14=Consulta!$B$9,2,-1))+IF($N14="",0,$N14)-ROW()/100000))))) -> 7.99986
A15: 1 | B15: Park Hyatt — La Cupola / Mio Lab | C15: Hotel | D15: Duomo | E15: Via Tommaso Grossi 1 | F15: +39 02 8821 1234 | G15: hyatt.com | H15: Nunca | J15: Recomendada | K15: M1 Cordusio | L15: Não | AF15: =IF($B15="","",IF(AND(Consulta!$B$11="Sim",$L15<>"Sim"),-9999,IF($H15=Consulta!$B$5,-9999,IF(AND(Consulta!$B$3<>"Qualquer",ISNUMBER(SEARCH(Consulta!$B$3,$AA15))),-9999,IF(AND(Consulta!$B$10="Sim",$V15<>"Sim"),-9999,IF(OR(Consulta!$B$3="Qualquer",ISNUMBER(SEARCH(Consulta!$B$3,$P15))),3,0)+IF(OR(Consulta!$B$12="Qualquer",ISNUMBER(SEARCH(Consulta!$B$12,$Q15))),2,0)+IF(OR(Consulta!$B$4="Qualquer",ISNUMBER(SEARCH(Consulta!$B$4,$R15))),3,0)+IF(Consulta!$B$6="Qualquer",0,IF($O15=Consulta!$B$6,2,-1))+IF(Consulta!$B$7="Não",0,IF($U15="Sim",3,IF($U15="Não",-6,0)))+IF(Consulta!$B$8="Qualquer",0,IF($C15=Consulta!$B$8,2,-3))+IF(Consulta!$B$9="Qualquer",0,IF($D15=Consulta!$B$9,2,-1))+IF($N15="",0,$N15)-ROW()/100000))))) -> 7.99985
A16: 1 | B16: Peck | C16: Mercado | D16: Duomo | E16: Via Spadari 9 | G16: peck.it | H16: Domingo | J16: Não precisa | K16: M1/M3 Duomo | L16: Não | AF16: =IF($B16="","",IF(AND(Consulta!$B$11="Sim",$L16<>"Sim"),-9999,IF($H16=Consulta!$B$5,-9999,IF(AND(Consulta!$B$3<>"Qualquer",ISNUMBER(SEARCH(Consulta!$B$3,$AA16))),-9999,IF(AND(Consulta!$B$10="Sim",$V16<>"Sim"),-9999,IF(OR(Consulta!$B$3="Qualquer",ISNUMBER(SEARCH(Consulta!$B$3,$P16))),3,0)+IF(OR(Consulta!$B$12="Qualquer",ISNUMBER(SEARCH(Consulta!$B$12,$Q16))),2,0)+IF(OR(Consulta!$B$4="Qualquer",ISNUMBER(SEARCH(Consulta!$B$4,$R16))),3,0)+IF(Consulta!$B$6="Qualquer",0,IF($O16=Consulta!$B$6,2,-1))+IF(Consulta!$B$7="Não",0,IF($U16="Sim",3,IF($U16="Não",-6,0)))+IF(Consulta!$B$8="Qualquer",0,IF($C16=Consulta!$B$8,2,-3))+IF(Consulta!$B$9="Qualquer",0,IF($D16=Consulta!$B$9,2,-1))+IF($N16="",0,$N16)-ROW()/100000))))) -> 7.99984
A17: 2 | B17: Pinacoteca di Brera | C17: Museu | D17: Brera | E17: Via Brera 28 | G17: pinacotecabrera.org | H17: Segunda | I17: Ter–dom 8:30–19:15 (últ. 18:00) | J17: Recomendada | K17: M2 Lanza / M3 Montenapoleone | L17: Não | AF17: =IF($B17="","",IF(AND(Consulta!$B$11="Sim",$L17<>"Sim"),-9999,IF($H17=Consulta!$B$5,-9999,IF(AND(Consulta!$B$3<>"Qualquer",ISNUMBER(SEARCH(Consulta!$B$3,$AA17))),-9999,IF(AND(Consulta!$B$10="Sim",$V17<>"Sim"),-9999,IF(OR(Consulta!$B$3="Qualquer",ISNUMBER(SEARCH(Consulta!$B$3,$P17))),3,0)+IF(OR(Consulta!$B$12="Qualquer",ISNUMBER(SEARCH(Consulta!$B$12,$Q17))),2,0)+IF(OR(Consulta!$B$4="Qualquer",ISNUMBER(SEARCH(Consulta!$B$4,$R17))),3,0)+IF(Consulta!$B$6="Qualquer",0,IF($O17=Consulta!$B$6,2,-1))+IF(Consulta!$B$7="Não",0,IF($U17="Sim",3,IF($U17="Não",-6,0)))+IF(Consulta!$B$8="Qualquer",0,IF($C17=Consulta!$B$8,2,-3))+IF(Consulta!$B$9="Qualquer",0,IF($D17=Consulta!$B$9,2,-1))+IF($N17="",0,$N17)-ROW()/100000))))) -> 7.99983
A18: 2 | B18: Palazzo Citterio (Brera Modern) | C18: Museu | D18: Brera | E18: Via Brera 14 | G18: pinacotecabrera.org | H18: Segunda | J18: Recomendada | K18: M2 Lanza | L18: Não | AF18: =IF($B18="","",IF(AND(Consulta!$B$11="Sim",$L18<>"Sim"),-9999,IF($H18=Consulta!$B$5,-9999,IF(AND(Consulta!$B$3<>"Qualquer",ISNUMBER(SEARCH(Consulta!$B$3,$AA18))),-9999,IF(AND(Consulta!$B$10="Sim",$V18<>"Sim"),-9999,IF(OR(Consulta!$B$3="Qualquer",ISNUMBER(SEARCH(Consulta!$B$3,$P18))),3,0)+IF(OR(Consulta!$B$12="Qualquer",ISNUMBER(SEARCH(Consulta!$B$12,$Q18))),2,0)+IF(OR(Consulta!$B$4="Qualquer",ISNUMBER(SEARCH(Consulta!$B$4,$R18))),3,0)+IF(Consulta!$B$6="Qualquer",0,IF($O18=Consulta!$B$6,2,-1))+IF(Consulta!$B$7="Não",0,IF($U18="Sim",3,IF($U18="Não",-6,0)))+IF(Consulta!$B$8="Qualquer",0,IF($C18=Consulta!$B$8,2,-3))+IF(Consulta!$B$9="Qualquer",0,IF($D18=Consulta!$B$9,2,-1))+IF($N18="",0,$N18)-ROW()/100000))))) -> 7.99982
A19: 2 | B19: Orto Botanico di Brera | C19: Parque | D19: Brera | E19: Via Brera 28 | J19: Não precisa | K19: M2 Lanza | L19: Não | AF19: =IF($B19="","",IF(AND(Consulta!$B$11="Sim",$L19<>"Sim"),-9999,IF($H19=Consulta!$B$5,-9999,IF(AND(Consulta!$B$3<>"Qualquer",ISNUMBER(SEARCH(Consulta!$B$3,$AA19))),-9999,IF(AND(Consulta!$B$10="Sim",$V19<>"Sim"),-9999,IF(OR(Consulta!$B$3="Qualquer",ISNUMBER(SEARCH(Consulta!$B$3,$P19))),3,0)+IF(OR(Consulta!$B$12="Qualquer",ISNUMBER(SEARCH(Consulta!$B$12,$Q19))),2,0)+IF(OR(Consulta!$B$4="Qualquer",ISNUMBER(SEARCH(Consulta!$B$4,$R19))),3,0)+IF(Consulta!$B$6="Qualquer",0,IF($O19=Consulta!$B$6,2,-1))+IF(Consulta!$B$7="Não",0,IF($U19="Sim",3,IF($U19="Não",-6,0)))+IF(Consulta!$B$8="Qualquer",0,IF($C19=Consulta!$B$8,2,-3))+IF(Consulta!$B$9="Qualquer",0,IF($D19=Consulta!$B$9,2,-1))+IF($N19="",0,$N19)-ROW()/100000))))) -> 7.99981
A20: 2 | B20: Museo Poldi Pezzoli | C20: Museu | D20: Brera | E20: Via Manzoni 12 | G20: museopoldipezzoli.it | H20: Terça | I20: Seg e qua–dom 10:00–18:00 | J20: Recomendada | K20: M3 Montenapoleone | L20: Não | AF20: =IF($B20="","",IF(AND(Consulta!$B$11="Sim",$L20<>"Sim"),-9999,IF($H20=Consulta!$B$5,-9999,IF(AND(Consulta!$B$3<>"Qualquer",ISNUMBER(SEARCH(Consulta!$B$3,$AA20))),-9999,IF(AND(Consulta!$B$10="Sim",$V20<>"Sim"),-9999,IF(OR(Consulta!$B$3="Qualquer",ISNUMBER(SEARCH(Consulta!$B$3,$P20))),3,0)+IF(OR(Consulta!$B$12="Qualquer",ISNUMBER(SEARCH(Consulta!$B$12,$Q20))),2,0)+IF(OR(Consulta!$B$4="Qualquer",ISNUMBER(SEARCH(Consulta!$B$4,$R20))),3,0)+IF(Consulta!$B$6="Qualquer",0,IF($O20=Consulta!$B$6,2,-1))+IF(Consulta!$B$7="Não",0,IF($U20="Sim",3,IF($U20="Não",-6,0)))+IF(Consulta!$B$8="Qualquer",0,IF($C20=Consulta!$B$8,2,-3))+IF(Consulta!$B$9="Qualquer",0,IF($D20=Consulta!$B$9,2,-1))+IF($N20="",0,$N20)-ROW()/100000))))) -> 7.9998
A21: 2 | B21: Casa Brera — rooftop Etereo | C21: Rooftop | D21: Brera | E21: Piazzetta M. Bossi 2 | F21: +39 02 305430 | G21: marriott.com | H21: Nunca | I21: Bar 17:00–01:00 | J21: Obrigatória | K21: M1 Cairoli / M3 Montenapoleone | L21: Não | AF21: =IF($B21="","",IF(AND(Consulta!$B$11="Sim",$L21<>"Sim"),-9999,IF($H21=Consulta!$B$5,-9999,IF(AND(Consulta!$B$3<>"Qualquer",ISNUMBER(SEARCH(Consulta!$B$3,$AA21))),-9999,IF(AND(Consulta!$B$10="Sim",$V21<>"Sim"),-9999,IF(OR(Consulta!$B$3="Qualquer",ISNUMBER(SEARCH(Consulta!$B$3,$P21))),3,0)+IF(OR(Consulta!$B$12="Qualquer",ISNUMBER(SEARCH(Consulta!$B$12,$Q21))),2,0)+IF(OR(Consulta!$B$4="Qualquer",ISNUMBER(SEARCH(Consulta!$B$4,$R21))),3,0)+IF(Consulta!$B$6="Qualquer",0,IF($O21=Consulta!$B$6,2,-1))+IF(Consulta!$B$7="Não",0,IF($U21="Sim",3,IF($U21="Não",-6,0)))+IF(Consulta!$B$8="Qualquer",0,IF($C21=Consulta!$B$8,2,-3))+IF(Consulta!$B$9="Qualquer",0,IF($D21=Consulta!$B$9,2,-1))+IF($N21="",0,$N21)-ROW()/100000))))) -> 7.99979
A22: 2 | B22: Bulgari Hotel — Bar e jardim | C22: Hotel | D22: Brera | E22: Via Privata Fratelli Gabba 7/b | F22: +39 02 805 8051 | G22: bulgarihotels.com | H22: Nunca | J22: Recomendada | K22: M3 Montenapoleone | L22: Não | AF22: =IF($B22="","",IF(AND(Consulta!$B$11="Sim",$L22<>"Sim"),-9999,IF($H22=Consulta!$B$5,-9999,IF(AND(Consulta!$B$3<>"Qualquer",ISNUMBER(SEARCH(Consulta!$B$3,$AA22))),-9999,IF(AND(Consulta!$B$10="Sim",$V22<>"Sim"),-9999,IF(OR(Consulta!$B$3="Qualquer",ISNUMBER(SEARCH(Consulta!$B$3,$P22))),3,0)+IF(OR(Consulta!$B$12="Qualquer",ISNUMBER(SEARCH(Consulta!$B$12,$Q22))),2,0)+IF(OR(Consulta!$B$4="Qualquer",ISNUMBER(SEARCH(Consulta!$B$4,$R22))),3,0)+IF(Consulta!$B$6="Qualquer",0,IF($O22=Consulta!$B$6,2,-1))+IF(Consulta!$B$7="Não",0,IF($U22="Sim",3,IF($U22="Não",-6,0)))+IF(Consulta!$B$8="Qualquer",0,IF($C22=Consulta!$B$8,2,-3))+IF(Consulta!$B$9="Qualquer",0,IF($D22=Consulta!$B$9,2,-1))+IF($N22="",0,$N22)-ROW()/100000))))) -> 7.99978
A23: 2 | B23: Mandarin Oriental — Seta / bar | C23: Hotel | D23: Brera | E23: Via Andegari 9 | F23: +39 02 8731 8888 | G23: mandarinoriental.com | H23: Nunca | J23: Obrigatória | K23: M3 Montenapoleone | L23: Não | AF23: =IF($B23="","",IF(AND(Consulta!$B$11="Sim",$L23<>"Sim"),-9999,IF($H23=Consulta!$B$5,-9999,IF(AND(Consulta!$B$3<>"Qualquer",ISNUMBER(SEARCH(Consulta!$B$3,$AA23))),-9999,IF(AND(Consulta!$B$10="Sim",$V23<>"Sim"),-9999,IF(OR(Consulta!$B$3="Qualquer",ISNUMBER(SEARCH(Consulta!$B$3,$P23))),3,0)+IF(OR(Consulta!$B$12="Qualquer",ISNUMBER(SEARCH(Consulta!$B$12,$Q23))),2,0)+IF(OR(Consulta!$B$4="Qualquer",ISNUMBER(SEARCH(Consulta!$B$4,$R23))),3,0)+IF(Consulta!$B$6="Qualquer",0,IF($O23=Consulta!$B$6,2,-1))+IF(Consulta!$B$7="Não",0,IF($U23="Sim",3,IF($U23="Não",-6,0)))+IF(Consulta!$B$8="Qualquer",0,IF($C23=Consulta!$B$8,2,-3))+IF(Consulta!$B$9="Qualquer",0,IF($D23=Consulta!$B$9,2,-1))+IF($N23="",0,$N23)-ROW()/100000))))) -> 7.99977
A24: 2 | B24: Via Fiori Chiari / Via Madonnina | C24: Experiência | D24: Brera | E24: Brera | H24: Nunca | J24: Não precisa | K24: M2 Lanza | L24: Não | AF24: =IF($B24="","",IF(AND(Consulta!$B$11="Sim",$L24<>"Sim"),-9999,IF($H24=Consulta!$B$5,-9999,IF(AND(Consulta!$B$3<>"Qualquer",ISNUMBER(SEARCH(Consulta!$B$3,$AA24))),-9999,IF(AND(Consulta!$B$10="Sim",$V24<>"Sim"),-9999,IF(OR(Consulta!$B$3="Qualquer",ISNUMBER(SEARCH(Consulta!$B$3,$P24))),3,0)+IF(OR(Consulta!$B$12="Qualquer",ISNUMBER(SEARCH(Consulta!$B$12,$Q24))),2,0)+IF(OR(Consulta!$B$4="Qualquer",ISNUMBER(SEARCH(Consulta!$B$4,$R24))),3,0)+IF(Consulta!$B$6="Qualquer",0,IF($O24=Consulta!$B$6,2,-1))+IF(Consulta!$B$7="Não",0,IF($U24="Sim",3,IF($U24="Não",-6,0)))+IF(Consulta!$B$8="Qualquer",0,IF($C24=Consulta!$B$8,2,-3))+IF(Consulta!$B$9="Qualquer",0,IF($D24=Consulta!$B$9,2,-1))+IF($N24="",0,$N24)-ROW()/100000))))) -> 7.99976
A25: 2 | B25: Mercato antiquariato di Brera | C25: Mercado | D25: Brera | E25: Via Fiori Chiari | I25: 3º domingo do mês (confirmar) | J25: Não precisa | K25: M2 Lanza | L25: Não | AF25: =IF($B25="","",IF(AND(Consulta!$B$11="Sim",$L25<>"Sim"),-9999,IF($H25=Consulta!$B$5,-9999,IF(AND(Consulta!$B$3<>"Qualquer",ISNUMBER(SEARCH(Consulta!$B$3,$AA25))),-9999,IF(AND(Consulta!$B$10="Sim",$V25<>"Sim"),-9999,IF(OR(Consulta!$B$3="Qualquer",ISNUMBER(SEARCH(Consulta!$B$3,$P25))),3,0)+IF(OR(Consulta!$B$12="Qualquer",ISNUMBER(SEARCH(Consulta!$B$12,$Q25))),2,0)+IF(OR(Consulta!$B$4="Qualquer",ISNUMBER(SEARCH(Consulta!$B$4,$R25))),3,0)+IF(Consulta!$B$6="Qualquer",0,IF($O25=Consulta!$B$6,2,-1))+IF(Consulta!$B$7="Não",0,IF($U25="Sim",3,IF($U25="Não",-6,0)))+IF(Consulta!$B$8="Qualquer",0,IF($C25=Consulta!$B$8,2,-3))+IF(Consulta!$B$9="Qualquer",0,IF($D25=Consulta!$B$9,2,-1))+IF($N25="",0,$N25)-ROW()/100000))))) -> 7.99975
A26: 2 | B26: Grand Hotel et de Milan | C26: Hotel | D26: Brera | E26: Via Manzoni 29 | G26: grandhoteletdemilan.it | H26: Nunca | J26: Recomendada | K26: M3 Montenapoleone | L26: Não | AF26: =IF($B26="","",IF(AND(Consulta!$B$11="Sim",$L26<>"Sim"),-9999,IF($H26=Consulta!$B$5,-9999,IF(AND(Consulta!$B$3<>"Qualquer",ISNUMBER(SEARCH(Consulta!$B$3,$AA26))),-9999,IF(AND(Consulta!$B$10="Sim",$V26<>"Sim"),-9999,IF(OR(Consulta!$B$3="Qualquer",ISNUMBER(SEARCH(Consulta!$B$3,$P26))),3,0)+IF(OR(Consulta!$B$12="Qualquer",ISNUMBER(SEARCH(Consulta!$B$12,$Q26))),2,0)+IF(OR(Consulta!$B$4="Qualquer",ISNUMBER(SEARCH(Consulta!$B$4,$R26))),3,0)+IF(Consulta!$B$6="Qualquer",0,IF($O26=Consulta!$B$6,2,-1))+IF(Consulta!$B$7="Não",0,IF($U26="Sim",3,IF($U26="Não",-6,0)))+IF(Consulta!$B$8="Qualquer",0,IF($C26=Consulta!$B$8,2,-3))+IF(Consulta!$B$9="Qualquer",0,IF($D26=Consulta!$B$9,2,-1))+IF($N26="",0,$N26)-ROW()/100000))))) -> 7.99974
A27: 3 | B27: Cenacolo Vinciano (A Última Ceia) | C27: Museu | D27: Sant'Ambrogio | E27: Piazza Santa Maria delle Grazie 2 | F27: +39 02 9280 0360 | G27: cenacolovinciano.org | H27: Segunda | I27: Ter–dom 8:15–19:00 (últ. 18:45) | J27: Obrigatória | K27: M1 Conciliazione / M2 Sant'Ambrogio | L27: Não | AF27: =IF($B27="","",IF(AND(Consulta!$B$11="Sim",$L27<>"Sim"),-9999,IF($H27=Consulta!$B$5,-9999,IF(AND(Consulta!$B$3<>"Qualquer",ISNUMBER(SEARCH(Consulta!$B$3,$AA27))),-9999,IF(AND(Consulta!$B$10="Sim",$V27<>"Sim"),-9999,IF(OR(Consulta!$B$3="Qualquer",ISNUMBER(SEARCH(Consulta!$B$3,$P27))),3,0)+IF(OR(Consulta!$B$12="Qualquer",ISNUMBER(SEARCH(Consulta!$B$12,$Q27))),2,0)+IF(OR(Consulta!$B$4="Qualquer",ISNUMBER(SEARCH(Consulta!$B$4,$R27))),3,0)+IF(Consulta!$B$6="Qualquer",0,IF($O27=Consulta!$B$6,2,-1))+IF(Consulta!$B$7="Não",0,IF($U27="Sim",3,IF($U27="Não",-6,0)))+IF(Consulta!$B$8="Qualquer",0,IF($C27=Consulta!$B$8,2,-3))+IF(Consulta!$B$9="Qualquer",0,IF($D27=Consulta!$B$9,2,-1))+IF($N27="",0,$N27)-ROW()/100000))))) -> 7.99973
A28: 3 | B28: Santa Maria delle Grazie (igreja) | C28: Igreja | D28: Sant'Ambrogio | E28: Piazza Santa Maria delle Grazie | J28: Não precisa | K28: M1 Conciliazione | L28: Não | AF28: =IF($B28="","",IF(AND(Consulta!$B$11="Sim",$L28<>"Sim"),-9999,IF($H28=Consulta!$B$5,-9999,IF(AND(Consulta!$B$3<>"Qualquer",ISNUMBER(SEARCH(Consulta!$B$3,$AA28))),-9999,IF(AND(Consulta!$B$10="Sim",$V28<>"Sim"),-9999,IF(OR(Consulta!$B$3="Qualquer",ISNUMBER(SEARCH(Consulta!$B$3,$P28))),3,0)+IF(OR(Consulta!$B$12="Qualquer",ISNUMBER(SEARCH(Consulta!$B$12,$Q28))),2,0)+IF(OR(Consulta!$B$4="Qualquer",ISNUMBER(SEARCH(Consulta!$B$4,$R28))),3,0)+IF(Consulta!$B$6="Qualquer",0,IF($O28=Consulta!$B$6,2,-1))+IF(Consulta!$B$7="Não",0,IF($U28="Sim",3,IF($U28="Não",-6,0)))+IF(Consulta!$B$8="Qualquer",0,IF($C28=Consulta!$B$8,2,-3))+IF(Consulta!$B$9="Qualquer",0,IF($D28=Consulta!$B$9,2,-1))+IF($N28="",0,$N28)-ROW()/100000))))) -> 7.99972
A29: 3 | B29: Pinacoteca Ambrosiana + Codex Atlanticus | C29: Museu | D29: 5Vie | E29: Piazza Pio XI 2 | G29: ambrosiana.it | H29: Quarta | I29: 10:00–18:00 | J29: Recomendada | K29: M1/M3 Duomo | L29: Não | AF29: =IF($B29="","",IF(AND(Consulta!$B$11="Sim",$L29<>"Sim"),-9999,IF($H29=Consulta!$B$5,-9999,IF(AND(Consulta!$B$3<>"Qualquer",ISNUMBER(SEARCH(Consulta!$B$3,$AA29))),-9999,IF(AND(Consulta!$B$10="Sim",$V29<>"Sim"),-9999,IF(OR(Consulta!$B$3="Qualquer",ISNUMBER(SEARCH(Consulta!$B$3,$P29))),3,0)+IF(OR(Consulta!$B$12="Qualquer",ISNUMBER(SEARCH(Consulta!$B$12,$Q29))),2,0)+IF(OR(Consulta!$B$4="Qualquer",ISNUMBER(SEARCH(Consulta!$B$4,$R29))),3,0)+IF(Consulta!$B$6="Qualquer",0,IF($O29=Consulta!$B$6,2,-1))+IF(Consulta!$B$7="Não",0,IF($U29="Sim",3,IF($U29="Não",-6,0)))+IF(Consulta!$B$8="Qualquer",0,IF($C29=Consulta!$B$8,2,-3))+IF(Consulta!$B$9="Qualquer",0,IF($D29=Consulta!$B$9,2,-1))+IF($N29="",0,$N29)-ROW()/100000))))) -> 7.99971
A30: 3 | B30: Cripta di San Sepolcro | C30: Igreja | D30: 5Vie | E30: Piazza San Sepolcro | G30: ambrosiana.it | J30: Recomendada | K30: M1 Cordusio | L30: Não | AF30: =IF($B30="","",IF(AND(Consulta!$B$11="Sim",$L30<>"Sim"),-9999,IF($H30=Consulta!$B$5,-9999,IF(AND(Consulta!$B$3<>"Qualquer",ISNUMBER(SEARCH(Consulta!$B$3,$AA30))),-9999,IF(AND(Consulta!$B$10="Sim",$V30<>"Sim"),-9999,IF(OR(Consulta!$B$3="Qualquer",ISNUMBER(SEARCH(Consulta!$B$3,$P30))),3,0)+IF(OR(Consulta!$B$12="Qualquer",ISNUMBER(SEARCH(Consulta!$B$12,$Q30))),2,0)+IF(OR(Consulta!$B$4="Qualquer",ISNUMBER(SEARCH(Consulta!$B$4,$R30))),3,0)+IF(Consulta!$B$6="Qualquer",0,IF($O30=Consulta!$B$6,2,-1))+IF(Consulta!$B$7="Não",0,IF($U30="Sim",3,IF($U30="Não",-6,0)))+IF(Consulta!$B$8="Qualquer",0,IF($C30=Consulta!$B$8,2,-3))+IF(Consulta!$B$9="Qualquer",0,IF($D30=Consulta!$B$9,2,-1))+IF($N30="",0,$N30)-ROW()/100000))))) -> 7.9997
A31: 3 | B31: Castello Sforzesco — Sala delle Asse e Pietà Rondanini | C31: Museu | D31: Castello | E31: Piazza Castello | G31: comune.milano.it | H31: Segunda | I31: Museus ter–dom 10:00–17:30; pátios 7:00–19:30 | J31: Não precisa | K31: M1 Cairoli / M2 Lanza | L31: Não | AF31: =IF($B31="","",IF(AND(Consulta!$B$11="Sim",$L31<>"Sim"),-9999,IF($H31=Consulta!$B$5,-9999,IF(AND(Consulta!$B$3<>"Qualquer",ISNUMBER(SEARCH(Consulta!$B$3,$AA31))),-9999,IF(AND(Consulta!$B$10="Sim",$V31<>"Sim"),-9999,IF(OR(Consulta!$B$3="Qualquer",ISNUMBER(SEARCH(Consulta!$B$3,$P31))),3,0)+IF(OR(Consulta!$B$12="Qualquer",ISNUMBER(SEARCH(Consulta!$B$12,$Q31))),2,0)+IF(OR(Consulta!$B$4="Qualquer",ISNUMBER(SEARCH(Consulta!$B$4,$R31))),3,0)+IF(Consulta!$B$6="Qualquer",0,IF($O31=Consulta!$B$6,2,-1))+IF(Consulta!$B$7="Não",0,IF($U31="Sim",3,IF($U31="Não",-6,0)))+IF(Consulta!$B$8="Qualquer",0,IF($C31=Consulta!$B$8,2,-3))+IF(Consulta!$B$9="Qualquer",0,IF($D31=Consulta!$B$9,2,-1))+IF($N31="",0,$N31)-ROW()/100000))))) -> 7.99969
A32: 3 | B32: Museo Naz. della Scienza e della Tecnologia Leonardo da Vinci | C32: Museu | D32: Sant'Ambrogio | E32: Via San Vittore 21 | G32: museoscienza.org | H32: Segunda | J32: Recomendada | K32: M2 Sant'Ambrogio | L32: Não | AF32: =IF($B32="","",IF(AND(Consulta!$B$11="Sim",$L32<>"Sim"),-9999,IF($H32=Consulta!$B$5,-9999,IF(AND(Consulta!$B$3<>"Qualquer",ISNUMBER(SEARCH(Consulta!$B$3,$AA32))),-9999,IF(AND(Consulta!$B$10="Sim",$V32<>"Sim"),-9999,IF(OR(Consulta!$B$3="Qualquer",ISNUMBER(SEARCH(Consulta!$B$3,$P32))),3,0)+IF(OR(Consulta!$B$12="Qualquer",ISNUMBER(SEARCH(Consulta!$B$12,$Q32))),2,0)+IF(OR(Consulta!$B$4="Qualquer",ISNUMBER(SEARCH(Consulta!$B$4,$R32))),3,0)+IF(Consulta!$B$6="Qualquer",0,IF($O32=Consulta!$B$6,2,-1))+IF(Consulta!$B$7="Não",0,IF($U32="Sim",3,IF($U32="Não",-6,0)))+IF(Consulta!$B$8="Qualquer",0,IF($C32=Consulta!$B$8,2,-3))+IF(Consulta!$B$9="Qualquer",0,IF($D32=Consulta!$B$9,2,-1))+IF($N32="",0,$N32)-ROW()/100000))))) -> 7.99968
A33: 3 | B33: San Maurizio al Monastero Maggiore | C33: Igreja | D33: Sant'Ambrogio | E33: Corso Magenta 15 | J33: Não precisa | K33: M1 Cadorna | L33: Não | AF33: =IF($B33="","",IF(AND(Consulta!$B$11="Sim",$L33<>"Sim"),-9999,IF($H33=Consulta!$B$5,-9999,IF(AND(Consulta!$B$3<>"Qualquer",ISNUMBER(SEARCH(Consulta!$B$3,$AA33))),-9999,IF(AND(Consulta!$B$10="Sim",$V33<>"Sim"),-9999,IF(OR(Consulta!$B$3="Qualquer",ISNUMBER(SEARCH(Consulta!$B$3,$P33))),3,0)+IF(OR(Consulta!$B$12="Qualquer",ISNUMBER(SEARCH(Consulta!$B$12,$Q33))),2,0)+IF(OR(Consulta!$B$4="Qualquer",ISNUMBER(SEARCH(Consulta!$B$4,$R33))),3,0)+IF(Consulta!$B$6="Qualquer",0,IF($O33=Consulta!$B$6,2,-1))+IF(Consulta!$B$7="Não",0,IF($U33="Sim",3,IF($U33="Não",-6,0)))+IF(Consulta!$B$8="Qualquer",0,IF($C33=Consulta!$B$8,2,-3))+IF(Consulta!$B$9="Qualquer",0,IF($D33=Consulta!$B$9,2,-1))+IF($N33="",0,$N33)-ROW()/100000))))) -> 7.99967
A34: 3 | B34: Museo Archeologico | C34: Museu | D34: Sant'Ambrogio | E34: Corso Magenta 15 | H34: Segunda | J34: Não precisa | K34: M1 Cadorna | L34: Não | AF34: =IF($B34="","",IF(AND(Consulta!$B$11="Sim",$L34<>"Sim"),-9999,IF($H34=Consulta!$B$5,-9999,IF(AND(Consulta!$B$3<>"Qualquer",ISNUMBER(SEARCH(Consulta!$B$3,$AA34))),-9999,IF(AND(Consulta!$B$10="Sim",$V34<>"Sim"),-9999,IF(OR(Consulta!$B$3="Qualquer",ISNUMBER(SEARCH(Consulta!$B$3,$P34))),3,0)+IF(OR(Consulta!$B$12="Qualquer",ISNUMBER(SEARCH(Consulta!$B$12,$Q34))),2,0)+IF(OR(Consulta!$B$4="Qualquer",ISNUMBER(SEARCH(Consulta!$B$4,$R34))),3,0)+IF(Consulta!$B$6="Qualquer",0,IF($O34=Consulta!$B$6,2,-1))+IF(Consulta!$B$7="Não",0,IF($U34="Sim",3,IF($U34="Não",-6,0)))+IF(Consulta!$B$8="Qualquer",0,IF($C34=Consulta!$B$8,2,-3))+IF(Consulta!$B$9="Qualquer",0,IF($D34=Consulta!$B$9,2,-1))+IF($N34="",0,$N34)-ROW()/100000))))) -> 7.99966
A35: 4 | B35: Santa Maria presso San Satiro (falso coro de Bramante) | C35: Igreja | D35: 5Vie | E35: Via Torino 9 | J35: Não precisa | K35: M1/M3 Duomo | L35: Não | AF35: =IF($B35="","",IF(AND(Consulta!$B$11="Sim",$L35<>"Sim"),-9999,IF($H35=Consulta!$B$5,-9999,IF(AND(Consulta!$B$3<>"Qualquer",ISNUMBER(SEARCH(Consulta!$B$3,$AA35))),-9999,IF(AND(Consulta!$B$10="Sim",$V35<>"Sim"),-9999,IF(OR(Consulta!$B$3="Qualquer",ISNUMBER(SEARCH(Consulta!$B$3,$P35))),3,0)+IF(OR(Consulta!$B$12="Qualquer",ISNUMBER(SEARCH(Consulta!$B$12,$Q35))),2,0)+IF(OR(Consulta!$B$4="Qualquer",ISNUMBER(SEARCH(Consulta!$B$4,$R35))),3,0)+IF(Consulta!$B$6="Qualquer",0,IF($O35=Consulta!$B$6,2,-1))+IF(Consulta!$B$7="Não",0,IF($U35="Sim",3,IF($U35="Não",-6,0)))+IF(Consulta!$B$8="Qualquer",0,IF($C35=Consulta!$B$8,2,-3))+IF(Consulta!$B$9="Qualquer",0,IF($D35=Consulta!$B$9,2,-1))+IF($N35="",0,$N35)-ROW()/100000))))) -> 7.99965
A36: 4 | B36: San Bernardino alle Ossa (ossário) | C36: Igreja | D36: Centro | E36: Piazza Santo Stefano | J36: Não precisa | K36: M1 San Babila | L36: Não | AF36: =IF($B36="","",IF(AND(Consulta!$B$11="Sim",$L36<>"Sim"),-9999,IF($H36=Consulta!$B$5,-9999,IF(AND(Consulta!$B$3<>"Qualquer",ISNUMBER(SEARCH(Consulta!$B$3,$AA36))),-9999,IF(AND(Consulta!$B$10="Sim",$V36<>"Sim"),-9999,IF(OR(Consulta!$B$3="Qualquer",ISNUMBER(SEARCH(Consulta!$B$3,$P36))),3,0)+IF(OR(Consulta!$B$12="Qualquer",ISNUMBER(SEARCH(Consulta!$B$12,$Q36))),2,0)+IF(OR(Consulta!$B$4="Qualquer",ISNUMBER(SEARCH(Consulta!$B$4,$R36))),3,0)+IF(Consulta!$B$6="Qualquer",0,IF($O36=Consulta!$B$6,2,-1))+IF(Consulta!$B$7="Não",0,IF($U36="Sim",3,IF($U36="Não",-6,0)))+IF(Consulta!$B$8="Qualquer",0,IF($C36=Consulta!$B$8,2,-3))+IF(Consulta!$B$9="Qualquer",0,IF($D36=Consulta!$B$9,2,-1))+IF($N36="",0,$N36)-ROW()/100000))))) -> 7.99964
A37: 4 | B37: Casa degli Omenoni | C37: Monumento | D37: Centro | E37: Via Omenoni | H37: Nunca | I37: Só exterior | J37: Não precisa | K37: M1/M3 Duomo | L37: Não | AF37: =IF($B37="","",IF(AND(Consulta!$B$11="Sim",$L37<>"Sim"),-9999,IF($H37=Consulta!$B$5,-9999,IF(AND(Consulta!$B$3<>"Qualquer",ISNUMBER(SEARCH(Consulta!$B$3,$AA37))),-9999,IF(AND(Consulta!$B$10="Sim",$V37<>"Sim"),-9999,IF(OR(Consulta!$B$3="Qualquer",ISNUMBER(SEARCH(Consulta!$B$3,$P37))),3,0)+IF(OR(Consulta!$B$12="Qualquer",ISNUMBER(SEARCH(Consulta!$B$12,$Q37))),2,0)+IF(OR(Consulta!$B$4="Qualquer",ISNUMBER(SEARCH(Consulta!$B$4,$R37))),3,0)+IF(Consulta!$B$6="Qualquer",0,IF($O37=Consulta!$B$6,2,-1))+IF(Consulta!$B$7="Não",0,IF($U37="Sim",3,IF($U37="Não",-6,0)))+IF(Consulta!$B$8="Qualquer",0,IF($C37=Consulta!$B$8,2,-3))+IF(Consulta!$B$9="Qualquer",0,IF($D37=Consulta!$B$9,2,-1))+IF($N37="",0,$N37)-ROW()/100000))))) -> 7.99963
A38: 4 | B38: Via Lincoln (a 'Burano' milanesa) | C38: Experiência | D38: Porta Venezia | E38: Via Lincoln | H38: Nunca | J38: Não precisa | K38: M1 Porta Venezia | L38: Não | AF38: =IF($B38="","",IF(AND(Consulta!$B$11="Sim",$L38<>"Sim"),-9999,IF($H38=Consulta!$B$5,-9999,IF(AND(Consulta!$B$3<>"Qualquer",ISNUMBER(SEARCH(Consulta!$B$3,$AA38))),-9999,IF(AND(Consulta!$B$10="Sim",$V38<>"Sim"),-9999,IF(OR(Consulta!$B$3="Qualquer",ISNUMBER(SEARCH(Consulta!$B$3,$P38))),3,0)+IF(OR(Consulta!$B$12="Qualquer",ISNUMBER(SEARCH(Consulta!$B$12,$Q38))),2,0)+IF(OR(Consulta!$B$4="Qualquer",ISNUMBER(SEARCH(Consulta!$B$4,$R38))),3,0)+IF(Consulta!$B$6="Qualquer",0,IF($O38=Consulta!$B$6,2,-1))+IF(Consulta!$B$7="Não",0,IF($U38="Sim",3,IF($U38="Não",-6,0)))+IF(Consulta!$B$8="Qualquer",0,IF($C38=Consulta!$B$8,2,-3))+IF(Consulta!$B$9="Qualquer",0,IF($D38=Consulta!$B$9,2,-1))+IF($N38="",0,$N38)-ROW()/100000))))) -> 7.99962
A39: 4 | B39: Villa Invernizzi (flamingos) | C39: Experiência | D39: Porta Venezia | E39: Via Cappuccini 7 | H39: Nunca | I39: Jardim privado, vista da rua | J39: Não precisa | K39: M1 Palestro | L39: Não | AF39: =IF($B39="","",IF(AND(Consulta!$B$11="Sim",$L39<>"Sim"),-9999,IF($H39=Consulta!$B$5,-9999,IF(AND(Consulta!$B$3<>"Qualquer",ISNUMBER(SEARCH(Consulta!$B$3,$AA39))),-9999,IF(AND(Consulta!$B$10="Sim",$V39<>"Sim"),-9999,IF(OR(Consulta!$B$3="Qualquer",ISNUMBER(SEARCH(Consulta!$B$3,$P39))),3,0)+IF(OR(Consulta!$B$12="Qualquer",ISNUMBER(SEARCH(Consulta!$B$12,$Q39))),2,0)+IF(OR(Consulta!$B$4="Qualquer",ISNUMBER(SEARCH(Consulta!$B$4,$R39))),3,0)+IF(Consulta!$B$6="Qualquer",0,IF($O39=Consulta!$B$6,2,-1))+IF(Consulta!$B$7="Não",0,IF($U39="Sim",3,IF($U39="Não",-6,0)))+IF(Consulta!$B$8="Qualquer",0,IF($C39=Consulta!$B$8,2,-3))+IF(Consulta!$B$9="Qualquer",0,IF($D39=Consulta!$B$9,2,-1))+IF($N39="",0,$N39)-ROW()/100000))))) -> 7.99961
A40: 4 | B40: Casa 770 | C40: Monumento | D40: Porta Venezia | E40: Via Poerio 35 | H40: Nunca | I40: Só exterior | J40: Não precisa | K40: M1 Porta Venezia | L40: Não | AF40: =IF($B40="","",IF(AND(Consulta!$B$11="Sim",$L40<>"Sim"),-9999,IF($H40=Consulta!$B$5,-9999,IF(AND(Consulta!$B$3<>"Qualquer",ISNUMBER(SEARCH(Consulta!$B$3,$AA40))),-9999,IF(AND(Consulta!$B$10="Sim",$V40<>"Sim"),-9999,IF(OR(Consulta!$B$3="Qualquer",ISNUMBER(SEARCH(Consulta!$B$3,$P40))),3,0)+IF(OR(Consulta!$B$12="Qualquer",ISNUMBER(SEARCH(Consulta!$B$12,$Q40))),2,0)+IF(OR(Consulta!$B$4="Qualquer",ISNUMBER(SEARCH(Consulta!$B$4,$R40))),3,0)+IF(Consulta!$B$6="Qualquer",0,IF($O40=Consulta!$B$6,2,-1))+IF(Consulta!$B$7="Não",0,IF($U40="Sim",3,IF($U40="Não",-6,0)))+IF(Consulta!$B$8="Qualquer",0,IF($C40=Consulta!$B$8,2,-3))+IF(Consulta!$B$9="Qualquer",0,IF($D40=Consulta!$B$9,2,-1))+IF($N40="",0,$N40)-ROW()/100000))))) -> 7.9996
A41: 4 | B41: Cimitero Monumentale | C41: Monumento | D41: Sarpi/Monumentale | E41: Piazzale Cimitero Monumentale | H41: Segunda | J41: Não precisa | K41: M5 Monumentale | L41: Não | AF41: =IF($B41="","",IF(AND(Consulta!$B$11="Sim",$L41<>"Sim"),-9999,IF($H41=Consulta!$B$5,-9999,IF(AND(Consulta!$B$3<>"Qualquer",ISNUMBER(SEARCH(Consulta!$B$3,$AA41))),-9999,IF(AND(Consulta!$B$10="Sim",$V41<>"Sim"),-9999,IF(OR(Consulta!$B$3="Qualquer",ISNUMBER(SEARCH(Consulta!$B$3,$P41))),3,0)+IF(OR(Consulta!$B$12="Qualquer",ISNUMBER(SEARCH(Consulta!$B$12,$Q41))),2,0)+IF(OR(Consulta!$B$4="Qualquer",ISNUMBER(SEARCH(Consulta!$B$4,$R41))),3,0)+IF(Consulta!$B$6="Qualquer",0,IF($O41=Consulta!$B$6,2,-1))+IF(Consulta!$B$7="Não",0,IF($U41="Sim",3,IF($U41="Não",-6,0)))+IF(Consulta!$B$8="Qualquer",0,IF($C41=Consulta!$B$8,2,-3))+IF(Consulta!$B$9="Qualquer",0,IF($D41=Consulta!$B$9,2,-1))+IF($N41="",0,$N41)-ROW()/100000))))) -> 7.99959
A42: 4 | B42: 5Vie — pátios e antiquários | C42: Experiência | D42: 5Vie | E42: Zona 5Vie | G42: 5vie.it | H42: Nunca | J42: Não precisa | K42: M1 Cordusio | L42: Não | AF42: =IF($B42="","",IF(AND(Consulta!$B$11="Sim",$L42<>"Sim"),-9999,IF($H42=Consulta!$B$5,-9999,IF(AND(Consulta!$B$3<>"Qualquer",ISNUMBER(SEARCH(Consulta!$B$3,$AA42))),-9999,IF(AND(Consulta!$B$10="Sim",$V42<>"Sim"),-9999,IF(OR(Consulta!$B$3="Qualquer",ISNUMBER(SEARCH(Consulta!$B$3,$P42))),3,0)+IF(OR(Consulta!$B$12="Qualquer",ISNUMBER(SEARCH(Consulta!$B$12,$Q42))),2,0)+IF(OR(Consulta!$B$4="Qualquer",ISNUMBER(SEARCH(Consulta!$B$4,$R42))),3,0)+IF(Consulta!$B$6="Qualquer",0,IF($O42=Consulta!$B$6,2,-1))+IF(Consulta!$B$7="Não",0,IF($U42="Sim",3,IF($U42="Não",-6,0)))+IF(Consulta!$B$8="Qualquer",0,IF($C42=Consulta!$B$8,2,-3))+IF(Consulta!$B$9="Qualquer",0,IF($D42=Consulta!$B$9,2,-1))+IF($N42="",0,$N42)-ROW()/100000))))) -> 7.99958
A43: 4 | B43: Ca' Granda (Università Statale) | C43: Monumento | D43: Centro | E43: Via Festa del Perdono 7 | I43: Pátios | J43: Não precisa | K43: M3 Missori | L43: Não | AF43: =IF($B43="","",IF(AND(Consulta!$B$11="Sim",$L43<>"Sim"),-9999,IF($H43=Consulta!$B$5,-9999,IF(AND(Consulta!$B$3<>"Qualquer",ISNUMBER(SEARCH(Consulta!$B$3,$AA43))),-9999,IF(AND(Consulta!$B$10="Sim",$V43<>"Sim"),-9999,IF(OR(Consulta!$B$3="Qualquer",ISNUMBER(SEARCH(Consulta!$B$3,$P43))),3,0)+IF(OR(Consulta!$B$12="Qualquer",ISNUMBER(SEARCH(Consulta!$B$12,$Q43))),2,0)+IF(OR(Consulta!$B$4="Qualquer",ISNUMBER(SEARCH(Consulta!$B$4,$R43))),3,0)+IF(Consulta!$B$6="Qualquer",0,IF($O43=Consulta!$B$6,2,-1))+IF(Consulta!$B$7="Não",0,IF($U43="Sim",3,IF($U43="Não",-6,0)))+IF(Consulta!$B$8="Qualquer",0,IF($C43=Consulta!$B$8,2,-3))+IF(Consulta!$B$9="Qualquer",0,IF($D43=Consulta!$B$9,2,-1))+IF($N43="",0,$N43)-ROW()/100000))))) -> 7.99957
A44: 4 | B44: Giardini della Guastalla | C44: Parque | D44: Centro | E44: Via Francesco Sforza | H44: Nunca | J44: Não precisa | K44: M4 Sforza-Policlinico | L44: Não | AF44: =IF($B44="","",IF(AND(Consulta!$B$11="Sim",$L44<>"Sim"),-9999,IF($H44=Consulta!$B$5,-9999,IF(AND(Consulta!$B$3<>"Qualquer",ISNUMBER(SEARCH(Consulta!$B$3,$AA44))),-9999,IF(AND(Consulta!$B$10="Sim",$V44<>"Sim"),-9999,IF(OR(Consulta!$B$3="Qualquer",ISNUMBER(SEARCH(Consulta!$B$3,$P44))),3,0)+IF(OR(Consulta!$B$12="Qualquer",ISNUMBER(SEARCH(Consulta!$B$12,$Q44))),2,0)+IF(OR(Consulta!$B$4="Qualquer",ISNUMBER(SEARCH(Consulta!$B$4,$R44))),3,0)+IF(Consulta!$B$6="Qualquer",0,IF($O44=Consulta!$B$6,2,-1))+IF(Consulta!$B$7="Não",0,IF($U44="Sim",3,IF($U44="Não",-6,0)))+IF(Consulta!$B$8="Qualquer",0,IF($C44=Consulta!$B$8,2,-3))+IF(Consulta!$B$9="Qualquer",0,IF($D44=Consulta!$B$9,2,-1))+IF($N44="",0,$N44)-ROW()/100000))))) -> 7.99956
A45: 4 | B45: Abbazia di Chiaravalle | C45: Igreja | D45: Chiaravalle | E45: Via Sant'Arialdo 102 | I45: Fora do centro | J45: Recomendada | K45: Ônibus / carro | L45: Não | AF45: =IF($B45="","",IF(AND(Consulta!$B$11="Sim",$L45<>"Sim"),-9999,IF($H45=Consulta!$B$5,-9999,IF(AND(Consulta!$B$3<>"Qualquer",ISNUMBER(SEARCH(Consulta!$B$3,$AA45))),-9999,IF(AND(Consulta!$B$10="Sim",$V45<>"Sim"),-9999,IF(OR(Consulta!$B$3="Qualquer",ISNUMBER(SEARCH(Consulta!$B$3,$P45))),3,0)+IF(OR(Consulta!$B$12="Qualquer",ISNUMBER(SEARCH(Consulta!$B$12,$Q45))),2,0)+IF(OR(Consulta!$B$4="Qualquer",ISNUMBER(SEARCH(Consulta!$B$4,$R45))),3,0)+IF(Consulta!$B$6="Qualquer",0,IF($O45=Consulta!$B$6,2,-1))+IF(Consulta!$B$7="Não",0,IF($U45="Sim",3,IF($U45="Não",-6,0)))+IF(Consulta!$B$8="Qualquer",0,IF($C45=Consulta!$B$8,2,-3))+IF(Consulta!$B$9="Qualquer",0,IF($D45=Consulta!$B$9,2,-1))+IF($N45="",0,$N45)-ROW()/100000))))) -> 7.99955
A46: 4 | B46: Santa Maria alla Fontana | C46: Igreja | D46: Isola | E46: Piazza Santa Maria alla Fontana | J46: Não precisa | K46: M5 Zara | L46: Não | AF46: =IF($B46="","",IF(AND(Consulta!$B$11="Sim",$L46<>"Sim"),-9999,IF($H46=Consulta!$B$5,-9999,IF(AND(Consulta!$B$3<>"Qualquer",ISNUMBER(SEARCH(Consulta!$B$3,$AA46))),-9999,IF(AND(Consulta!$B$10="Sim",$V46<>"Sim"),-9999,IF(OR(Consulta!$B$3="Qualquer",ISNUMBER(SEARCH(Consulta!$B$3,$P46))),3,0)+IF(OR(Consulta!$B$12="Qualquer",ISNUMBER(SEARCH(Consulta!$B$12,$Q46))),2,0)+IF(OR(Consulta!$B$4="Qualquer",ISNUMBER(SEARCH(Consulta!$B$4,$R46))),3,0)+IF(Consulta!$B$6="Qualquer",0,IF($O46=Consulta!$B$6,2,-1))+IF(Consulta!$B$7="Não",0,IF($U46="Sim",3,IF($U46="Não",-6,0)))+IF(Consulta!$B$8="Qualquer",0,IF($C46=Consulta!$B$8,2,-3))+IF(Consulta!$B$9="Qualquer",0,IF($D46=Consulta!$B$9,2,-1))+IF($N46="",0,$N46)-ROW()/100000))))) -> 7.99954
A47: 5 | B47: Via Montenapoleone | C47: Loja/Moda | D47: Quadrilatero | E47: Via Monte Napoleone | H47: Nunca | I47: Lojas ~10:00–19:30 | J47: Appointment | K47: M3 Montenapoleone | L47: Não | AF47: =IF($B47="","",IF(AND(Consulta!$B$11="Sim",$L47<>"Sim"),-9999,IF($H47=Consulta!$B$5,-9999,IF(AND(Consulta!$B$3<>"Qualquer",ISNUMBER(SEARCH(Consulta!$B$3,$AA47))),-9999,IF(AND(Consulta!$B$10="Sim",$V47<>"Sim"),-9999,IF(OR(Consulta!$B$3="Qualquer",ISNUMBER(SEARCH(Consulta!$B$3,$P47))),3,0)+IF(OR(Consulta!$B$12="Qualquer",ISNUMBER(SEARCH(Consulta!$B$12,$Q47))),2,0)+IF(OR(Consulta!$B$4="Qualquer",ISNUMBER(SEARCH(Consulta!$B$4,$R47))),3,0)+IF(Consulta!$B$6="Qualquer",0,IF($O47=Consulta!$B$6,2,-1))+IF(Consulta!$B$7="Não",0,IF($U47="Sim",3,IF($U47="Não",-6,0)))+IF(Consulta!$B$8="Qualquer",0,IF($C47=Consulta!$B$8,2,-3))+IF(Consulta!$B$9="Qualquer",0,IF($D47=Consulta!$B$9,2,-1))+IF($N47="",0,$N47)-ROW()/100000))))) -> 7.99953
A48: 5 | B48: Via della Spiga | C48: Loja/Moda | D48: Quadrilatero | E48: Via della Spiga | H48: Nunca | J48: Appointment | K48: M3 Montenapoleone | L48: Não | AF48: =IF($B48="","",IF(AND(Consulta!$B$11="Sim",$L48<>"Sim"),-9999,IF($H48=Consulta!$B$5,-9999,IF(AND(Consulta!$B$3<>"Qualquer",ISNUMBER(SEARCH(Consulta!$B$3,$AA48))),-9999,IF(AND(Consulta!$B$10="Sim",$V48<>"Sim"),-9999,IF(OR(Consulta!$B$3="Qualquer",ISNUMBER(SEARCH(Consulta!$B$3,$P48))),3,0)+IF(OR(Consulta!$B$12="Qualquer",ISNUMBER(SEARCH(Consulta!$B$12,$Q48))),2,0)+IF(OR(Consulta!$B$4="Qualquer",ISNUMBER(SEARCH(Consulta!$B$4,$R48))),3,0)+IF(Consulta!$B$6="Qualquer",0,IF($O48=Consulta!$B$6,2,-1))+IF(Consulta!$B$7="Não",0,IF($U48="Sim",3,IF($U48="Não",-6,0)))+IF(Consulta!$B$8="Qualquer",0,IF($C48=Consulta!$B$8,2,-3))+IF(Consulta!$B$9="Qualquer",0,IF($D48=Consulta!$B$9,2,-1))+IF($N48="",0,$N48)-ROW()/100000))))) -> 7.99952
A49: 5 | B49: Via Sant'Andrea | C49: Loja/Moda | D49: Quadrilatero | E49: Via Sant'Andrea | H49: Nunca | J49: Appointment | K49: M1 San Babila | L49: Não | AF49: =IF($B49="","",IF(AND(Consulta!$B$11="Sim",$L49<>"Sim"),-9999,IF($H49=Consulta!$B$5,-9999,IF(AND(Consulta!$B$3<>"Qualquer",ISNUMBER(SEARCH(Consulta!$B$3,$AA49))),-9999,IF(AND(Consulta!$B$10="Sim",$V49<>"Sim"),-9999,IF(OR(Consulta!$B$3="Qualquer",ISNUMBER(SEARCH(Consulta!$B$3,$P49))),3,0)+IF(OR(Consulta!$B$12="Qualquer",ISNUMBER(SEARCH(Consulta!$B$12,$Q49))),2,0)+IF(OR(Consulta!$B$4="Qualquer",ISNUMBER(SEARCH(Consulta!$B$4,$R49))),3,0)+IF(Consulta!$B$6="Qualquer",0,IF($O49=Consulta!$B$6,2,-1))+IF(Consulta!$B$7="Não",0,IF($U49="Sim",3,IF($U49="Não",-6,0)))+IF(Consulta!$B$8="Qualquer",0,IF($C49=Consulta!$B$8,2,-3))+IF(Consulta!$B$9="Qualquer",0,IF($D49=Consulta!$B$9,2,-1))+IF($N49="",0,$N49)-ROW()/100000))))) -> 7.99951
A50: 5 | B50: Palazzo Morando (moda e costume) | C50: Museu | D50: Quadrilatero | E50: Via Sant'Andrea 6 | H50: Segunda | J50: Não precisa | K50: M1 San Babila | L50: Não | AF50: =IF($B50="","",IF(AND(Consulta!$B$11="Sim",$L50<>"Sim"),-9999,IF($H50=Consulta!$B$5,-9999,IF(AND(Consulta!$B$3<>"Qualquer",ISNUMBER(SEARCH(Consulta!$B$3,$AA50))),-9999,IF(AND(Consulta!$B$10="Sim",$V50<>"Sim"),-9999,IF(OR(Consulta!$B$3="Qualquer",ISNUMBER(SEARCH(Consulta!$B$3,$P50))),3,0)+IF(OR(Consulta!$B$12="Qualquer",ISNUMBER(SEARCH(Consulta!$B$12,$Q50))),2,0)+IF(OR(Consulta!$B$4="Qualquer",ISNUMBER(SEARCH(Consulta!$B$4,$R50))),3,0)+IF(Consulta!$B$6="Qualquer",0,IF($O50=Consulta!$B$6,2,-1))+IF(Consulta!$B$7="Não",0,IF($U50="Sim",3,IF($U50="Não",-6,0)))+IF(Consulta!$B$8="Qualquer",0,IF($C50=Consulta!$B$8,2,-3))+IF(Consulta!$B$9="Qualquer",0,IF($D50=Consulta!$B$9,2,-1))+IF($N50="",0,$N50)-ROW()/100000))))) -> 7.9995
A51: 5 | B51: Museo Bagatti Valsecchi | C51: Museu | D51: Quadrilatero | E51: Via Gesù 5 | G51: museobagattivalsecchi.org | J51: Recomendada | K51: M3 Montenapoleone | L51: Não | AF51: =IF($B51="","",IF(AND(Consulta!$B$11="Sim",$L51<>"Sim"),-9999,IF($H51=Consulta!$B$5,-9999,IF(AND(Consulta!$B$3<>"Qualquer",ISNUMBER(SEARCH(Consulta!$B$3,$AA51))),-9999,IF(AND(Consulta!$B$10="Sim",$V51<>"Sim"),-9999,IF(OR(Consulta!$B$3="Qualquer",ISNUMBER(SEARCH(Consulta!$B$3,$P51))),3,0)+IF(OR(Consulta!$B$12="Qualquer",ISNUMBER(SEARCH(Consulta!$B$12,$Q51))),2,0)+IF(OR(Consulta!$B$4="Qualquer",ISNUMBER(SEARCH(Consulta!$B$4,$R51))),3,0)+IF(Consulta!$B$6="Qualquer",0,IF($O51=Consulta!$B$6,2,-1))+IF(Consulta!$B$7="Não",0,IF($U51="Sim",3,IF($U51="Não",-6,0)))+IF(Consulta!$B$8="Qualquer",0,IF($C51=Consulta!$B$8,2,-3))+IF(Consulta!$B$9="Qualquer",0,IF($D51=Consulta!$B$9,2,-1))+IF($N51="",0,$N51)-ROW()/100000))))) -> 7.99949
A52: 5 | B52: Four Seasons Hotel Milano — lobby e Zelo | C52: Hotel | D52: Quadrilatero | E52: Via Gesù 6/8 | F52: +39 02 77088 | G52: fourseasons.com/milan | H52: Nunca | J52: Recomendada | K52: M3 Montenapoleone | L52: Não | AF52: =IF($B52="","",IF(AND(Consulta!$B$11="Sim",$L52<>"Sim"),-9999,IF($H52=Consulta!$B$5,-9999,IF(AND(Consulta!$B$3<>"Qualquer",ISNUMBER(SEARCH(Consulta!$B$3,$AA52))),-9999,IF(AND(Consulta!$B$10="Sim",$V52<>"Sim"),-9999,IF(OR(Consulta!$B$3="Qualquer",ISNUMBER(SEARCH(Consulta!$B$3,$P52))),3,0)+IF(OR(Consulta!$B$12="Qualquer",ISNUMBER(SEARCH(Consulta!$B$12,$Q52))),2,0)+IF(OR(Consulta!$B$4="Qualquer",ISNUMBER(SEARCH(Consulta!$B$4,$R52))),3,0)+IF(Consulta!$B$6="Qualquer",0,IF($O52=Consulta!$B$6,2,-1))+IF(Consulta!$B$7="Não",0,IF($U52="Sim",3,IF($U52="Não",-6,0)))+IF(Consulta!$B$8="Qualquer",0,IF($C52=Consulta!$B$8,2,-3))+IF(Consulta!$B$9="Qualquer",0,IF($D52=Consulta!$B$9,2,-1))+IF($N52="",0,$N52)-ROW()/100000))))) -> 7.99948
A53: 5 | B53: Armani Hotel — Armani/Bamboo Bar | C53: Hotel | D53: Quadrilatero | E53: Via Manzoni 31 | G53: armanihotels.com | H53: Nunca | J53: Recomendada | K53: M3 Montenapoleone | L53: Não | AF53: =IF($B53="","",IF(AND(Consulta!$B$11="Sim",$L53<>"Sim"),-9999,IF($H53=Consulta!$B$5,-9999,IF(AND(Consulta!$B$3<>"Qualquer",ISNUMBER(SEARCH(Consulta!$B$3,$AA53))),-9999,IF(AND(Consulta!$B$10="Sim",$V53<>"Sim"),-9999,IF(OR(Consulta!$B$3="Qualquer",ISNUMBER(SEARCH(Consulta!$B$3,$P53))),3,0)+IF(OR(Consulta!$B$12="Qualquer",ISNUMBER(SEARCH(Consulta!$B$12,$Q53))),2,0)+IF(OR(Consulta!$B$4="Qualquer",ISNUMBER(SEARCH(Consulta!$B$4,$R53))),3,0)+IF(Consulta!$B$6="Qualquer",0,IF($O53=Consulta!$B$6,2,-1))+IF(Consulta!$B$7="Não",0,IF($U53="Sim",3,IF($U53="Não",-6,0)))+IF(Consulta!$B$8="Qualquer",0,IF($C53=Consulta!$B$8,2,-3))+IF(Consulta!$B$9="Qualquer",0,IF($D53=Consulta!$B$9,2,-1))+IF($N53="",0,$N53)-ROW()/100000))))) -> 7.99947
A54: 5 | B54: Portrait Milano + Piazza del Quadrilatero | C54: Hotel | D54: Quadrilatero | E54: Corso Venezia 11 | F54: +39 02 3679 95800 | G54: lungarnocollection.com | H54: Nunca | I54: 10_11 07:00–01:00 | J54: Recomendada | K54: M1 San Babila | L54: Não | AF54: =IF($B54="","",IF(AND(Consulta!$B$11="Sim",$L54<>"Sim"),-9999,IF($H54=Consulta!$B$5,-9999,IF(AND(Consulta!$B$3<>"Qualquer",ISNUMBER(SEARCH(Consulta!$B$3,$AA54))),-9999,IF(AND(Consulta!$B$10="Sim",$V54<>"Sim"),-9999,IF(OR(Consulta!$B$3="Qualquer",ISNUMBER(SEARCH(Consulta!$B$3,$P54))),3,0)+IF(OR(Consulta!$B$12="Qualquer",ISNUMBER(SEARCH(Consulta!$B$12,$Q54))),2,0)+IF(OR(Consulta!$B$4="Qualquer",ISNUMBER(SEARCH(Consulta!$B$4,$R54))),3,0)+IF(Consulta!$B$6="Qualquer",0,IF($O54=Consulta!$B$6,2,-1))+IF(Consulta!$B$7="Não",0,IF($U54="Sim",3,IF($U54="Não",-6,0)))+IF(Consulta!$B$8="Qualquer",0,IF($C54=Consulta!$B$8,2,-3))+IF(Consulta!$B$9="Qualquer",0,IF($D54=Consulta!$B$9,2,-1))+IF($N54="",0,$N54)-ROW()/100000))))) -> 7.99946
A55: 5 | B55: Cova Montenapoleone | C55: Café/Pasticceria | D55: Quadrilatero | E55: Via Monte Napoleone 8 | F55: +39 02 7600 5599 | G55: pasticceriacova.com | J55: Não precisa | K55: M3 Montenapoleone | L55: Não | AF55: =IF($B55="","",IF(AND(Consulta!$B$11="Sim",$L55<>"Sim"),-9999,IF($H55=Consulta!$B$5,-9999,IF(AND(Consulta!$B$3<>"Qualquer",ISNUMBER(SEARCH(Consulta!$B$3,$AA55))),-9999,IF(AND(Consulta!$B$10="Sim",$V55<>"Sim"),-9999,IF(OR(Consulta!$B$3="Qualquer",ISNUMBER(SEARCH(Consulta!$B$3,$P55))),3,0)+IF(OR(Consulta!$B$12="Qualquer",ISNUMBER(SEARCH(Consulta!$B$12,$Q55))),2,0)+IF(OR(Consulta!$B$4="Qualquer",ISNUMBER(SEARCH(Consulta!$B$4,$R55))),3,0)+IF(Consulta!$B$6="Qualquer",0,IF($O55=Consulta!$B$6,2,-1))+IF(Consulta!$B$7="Não",0,IF($U55="Sim",3,IF($U55="Não",-6,0)))+IF(Consulta!$B$8="Qualquer",0,IF($C55=Consulta!$B$8,2,-3))+IF(Consulta!$B$9="Qualquer",0,IF($D55=Consulta!$B$9,2,-1))+IF($N55="",0,$N55)-ROW()/100000))))) -> 7.99945
A56: 5 | B56: Corso Vercelli | C56: Loja/Moda | D56: Corso Vercelli/Pagano | E56: Corso Vercelli | H56: Nunca | J56: Não precisa | K56: M1 Conciliazione | L56: Não | AF56: =IF($B56="","",IF(AND(Consulta!$B$11="Sim",$L56<>"Sim"),-9999,IF($H56=Consulta!$B$5,-9999,IF(AND(Consulta!$B$3<>"Qualquer",ISNUMBER(SEARCH(Consulta!$B$3,$AA56))),-9999,IF(AND(Consulta!$B$10="Sim",$V56<>"Sim"),-9999,IF(OR(Consulta!$B$3="Qualquer",ISNUMBER(SEARCH(Consulta!$B$3,$P56))),3,0)+IF(OR(Consulta!$B$12="Qualquer",ISNUMBER(SEARCH(Consulta!$B$12,$Q56))),2,0)+IF(OR(Consulta!$B$4="Qualquer",ISNUMBER(SEARCH(Consulta!$B$4,$R56))),3,0)+IF(Consulta!$B$6="Qualquer",0,IF($O56=Consulta!$B$6,2,-1))+IF(Consulta!$B$7="Não",0,IF($U56="Sim",3,IF($U56="Não",-6,0)))+IF(Consulta!$B$8="Qualquer",0,IF($C56=Consulta!$B$8,2,-3))+IF(Consulta!$B$9="Qualquer",0,IF($D56=Consulta!$B$9,2,-1))+IF($N56="",0,$N56)-ROW()/100000))))) -> 7.99944
A57: 6 | B57: Triennale Milano | C57: Museu | D57: Castello | E57: Viale Alemagna 6 | G57: triennale.org | H57: Segunda | I57: Ter–dom 10:30–20:00 | J57: Recomendada | K57: M1/M2 Cadorna | L57: Não | AF57: =IF($B57="","",IF(AND(Consulta!$B$11="Sim",$L57<>"Sim"),-9999,IF($H57=Consulta!$B$5,-9999,IF(AND(Consulta!$B$3<>"Qualquer",ISNUMBER(SEARCH(Consulta!$B$3,$AA57))),-9999,IF(AND(Consulta!$B$10="Sim",$V57<>"Sim"),-9999,IF(OR(Consulta!$B$3="Qualquer",ISNUMBER(SEARCH(Consulta!$B$3,$P57))),3,0)+IF(OR(Consulta!$B$12="Qualquer",ISNUMBER(SEARCH(Consulta!$B$12,$Q57))),2,0)+IF(OR(Consulta!$B$4="Qualquer",ISNUMBER(SEARCH(Consulta!$B$4,$R57))),3,0)+IF(Consulta!$B$6="Qualquer",0,IF($O57=Consulta!$B$6,2,-1))+IF(Consulta!$B$7="Não",0,IF($U57="Sim",3,IF($U57="Não",-6,0)))+IF(Consulta!$B$8="Qualquer",0,IF($C57=Consulta!$B$8,2,-3))+IF(Consulta!$B$9="Qualquer",0,IF($D57=Consulta!$B$9,2,-1))+IF($N57="",0,$N57)-ROW()/100000))))) -> 7.99943
A58: 6 | B58: ADI Design Museum (Compasso d'Oro) | C58: Museu | D58: Sarpi/Monumentale | E58: Piazza Compasso d'Oro 1 | G58: adidesignmuseum.org | H58: Segunda | J58: Não precisa | K58: M5 Monumentale | L58: Não | AF58: =IF($B58="","",IF(AND(Consulta!$B$11="Sim",$L58<>"Sim"),-9999,IF($H58=Consulta!$B$5,-9999,IF(AND(Consulta!$B$3<>"Qualquer",ISNUMBER(SEARCH(Consulta!$B$3,$AA58))),-9999,IF(AND(Consulta!$B$10="Sim",$V58<>"Sim"),-9999,IF(OR(Consulta!$B$3="Qualquer",ISNUMBER(SEARCH(Consulta!$B$3,$P58))),3,0)+IF(OR(Consulta!$B$12="Qualquer",ISNUMBER(SEARCH(Consulta!$B$12,$Q58))),2,0)+IF(OR(Consulta!$B$4="Qualquer",ISNUMBER(SEARCH(Consulta!$B$4,$R58))),3,0)+IF(Consulta!$B$6="Qualquer",0,IF($O58=Consulta!$B$6,2,-1))+IF(Consulta!$B$7="Não",0,IF($U58="Sim",3,IF($U58="Não",-6,0)))+IF(Consulta!$B$8="Qualquer",0,IF($C58=Consulta!$B$8,2,-3))+IF(Consulta!$B$9="Qualquer",0,IF($D58=Consulta!$B$9,2,-1))+IF($N58="",0,$N58)-ROW()/100000))))) -> 7.99942
A59: 6 | B59: MUDEC — Museo delle Culture | C59: Museu | D59: Tortona | E59: Via Tortona 56 | G59: mudec.it | H59: Segunda | I59: 10:00–19:30 (ter/qua/sex/sáb/dom); qui até 22:30 | J59: Recomendada | K59: M2 Porta Genova | L59: Não | AF59: =IF($B59="","",IF(AND(Consulta!$B$11="Sim",$L59<>"Sim"),-9999,IF($H59=Consulta!$B$5,-9999,IF(AND(Consulta!$B$3<>"Qualquer",ISNUMBER(SEARCH(Consulta!$B$3,$AA59))),-9999,IF(AND(Consulta!$B$10="Sim",$V59<>"Sim"),-9999,IF(OR(Consulta!$B$3="Qualquer",ISNUMBER(SEARCH(Consulta!$B$3,$P59))),3,0)+IF(OR(Consulta!$B$12="Qualquer",ISNUMBER(SEARCH(Consulta!$B$12,$Q59))),2,0)+IF(OR(Consulta!$B$4="Qualquer",ISNUMBER(SEARCH(Consulta!$B$4,$R59))),3,0)+IF(Consulta!$B$6="Qualquer",0,IF($O59=Consulta!$B$6,2,-1))+IF(Consulta!$B$7="Não",0,IF($U59="Sim",3,IF($U59="Não",-6,0)))+IF(Consulta!$B$8="Qualquer",0,IF($C59=Consulta!$B$8,2,-3))+IF(Consulta!$B$9="Qualquer",0,IF($D59=Consulta!$B$9,2,-1))+IF($N59="",0,$N59)-ROW()/100000))))) -> 7.99941
A60: 6 | B60: Enrico Bartolini al MUDEC (3 estrelas) | C60: Alta gastronomia | D60: Tortona | E60: Via Tortona 56 | G60: enricobartolini.net | J60: Obrigatória | K60: M2 Porta Genova | L60: Não | AF60: =IF($B60="","",IF(AND(Consulta!$B$11="Sim",$L60<>"Sim"),-9999,IF($H60=Consulta!$B$5,-9999,IF(AND(Consulta!$B$3<>"Qualquer",ISNUMBER(SEARCH(Consulta!$B$3,$AA60))),-9999,IF(AND(Consulta!$B$10="Sim",$V60<>"Sim"),-9999,IF(OR(Consulta!$B$3="Qualquer",ISNUMBER(SEARCH(Consulta!$B$3,$P60))),3,0)+IF(OR(Consulta!$B$12="Qualquer",ISNUMBER(SEARCH(Consulta!$B$12,$Q60))),2,0)+IF(OR(Consulta!$B$4="Qualquer",ISNUMBER(SEARCH(Consulta!$B$4,$R60))),3,0)+IF(Consulta!$B$6="Qualquer",0,IF($O60=Consulta!$B$6,2,-1))+IF(Consulta!$B$7="Não",0,IF($U60="Sim",3,IF($U60="Não",-6,0)))+IF(Consulta!$B$8="Qualquer",0,IF($C60=Consulta!$B$8,2,-3))+IF(Consulta!$B$9="Qualquer",0,IF($D60=Consulta!$B$9,2,-1))+IF($N60="",0,$N60)-ROW()/100000))))) -> 7.9994
A61: 6 | B61: Armani/Silos | C61: Museu | D61: Tortona | E61: Via Bergognone 40 | G61: armanisilos.com | H61: Seg e ter | I61: Qua/sex/dom 11:00–19:00; qui/sáb 11:00–21:00 | J61: Não precisa | K61: M2 Porta Genova | L61: Não | AF61: =IF($B61="","",IF(AND(Consulta!$B$11="Sim",$L61<>"Sim"),-9999,IF($H61=Consulta!$B$5,-9999,IF(AND(Consulta!$B$3<>"Qualquer",ISNUMBER(SEARCH(Consulta!$B$3,$AA61))),-9999,IF(AND(Consulta!$B$10="Sim",$V61<>"Sim"),-9999,IF(OR(Consulta!$B$3="Qualquer",ISNUMBER(SEARCH(Consulta!$B$3,$P61))),3,0)+IF(OR(Consulta!$B$12="Qualquer",ISNUMBER(SEARCH(Consulta!$B$12,$Q61))),2,0)+IF(OR(Consulta!$B$4="Qualquer",ISNUMBER(SEARCH(Consulta!$B$4,$R61))),3,0)+IF(Consulta!$B$6="Qualquer",0,IF($O61=Consulta!$B$6,2,-1))+IF(Consulta!$B$7="Não",0,IF($U61="Sim",3,IF($U61="Não",-6,0)))+IF(Consulta!$B$8="Qualquer",0,IF($C61=Consulta!$B$8,2,-3))+IF(Consulta!$B$9="Qualquer",0,IF($D61=Consulta!$B$9,2,-1))+IF($N61="",0,$N61)-ROW()/100000))))) -> 7.99939
A62: 6 | B62: Via Tortona / Via Bergognone (distrito de design) | C62: Experiência | D62: Tortona | E62: Via Tortona | H62: Nunca | J62: Não precisa | K62: M2 Porta Genova | L62: Não | AF62: =IF($B62="","",IF(AND(Consulta!$B$11="Sim",$L62<>"Sim"),-9999,IF($H62=Consulta!$B$5,-9999,IF(AND(Consulta!$B$3<>"Qualquer",ISNUMBER(SEARCH(Consulta!$B$3,$AA62))),-9999,IF(AND(Consulta!$B$10="Sim",$V62<>"Sim"),-9999,IF(OR(Consulta!$B$3="Qualquer",ISNUMBER(SEARCH(Consulta!$B$3,$P62))),3,0)+IF(OR(Consulta!$B$12="Qualquer",ISNUMBER(SEARCH(Consulta!$B$12,$Q62))),2,0)+IF(OR(Consulta!$B$4="Qualquer",ISNUMBER(SEARCH(Consulta!$B$4,$R62))),3,0)+IF(Consulta!$B$6="Qualquer",0,IF($O62=Consulta!$B$6,2,-1))+IF(Consulta!$B$7="Não",0,IF($U62="Sim",3,IF($U62="Não",-6,0)))+IF(Consulta!$B$8="Qualquer",0,IF($C62=Consulta!$B$8,2,-3))+IF(Consulta!$B$9="Qualquer",0,IF($D62=Consulta!$B$9,2,-1))+IF($N62="",0,$N62)-ROW()/100000))))) -> 7.99938
A63: 6 | B63: Torre Branca | C63: Monumento | D63: Castello | E63: Viale Camoens (Parco Sempione) | I63: Horário variável | J63: Não precisa | K63: M1/M2 Cadorna | L63: Não | AF63: =IF($B63="","",IF(AND(Consulta!$B$11="Sim",$L63<>"Sim"),-9999,IF($H63=Consulta!$B$5,-9999,IF(AND(Consulta!$B$3<>"Qualquer",ISNUMBER(SEARCH(Consulta!$B$3,$AA63))),-9999,IF(AND(Consulta!$B$10="Sim",$V63<>"Sim"),-9999,IF(OR(Consulta!$B$3="Qualquer",ISNUMBER(SEARCH(Consulta!$B$3,$P63))),3,0)+IF(OR(Consulta!$B$12="Qualquer",ISNUMBER(SEARCH(Consulta!$B$12,$Q63))),2,0)+IF(OR(Consulta!$B$4="Qualquer",ISNUMBER(SEARCH(Consulta!$B$4,$R63))),3,0)+IF(Consulta!$B$6="Qualquer",0,IF($O63=Consulta!$B$6,2,-1))+IF(Consulta!$B$7="Não",0,IF($U63="Sim",3,IF($U63="Não",-6,0)))+IF(Consulta!$B$8="Qualquer",0,IF($C63=Consulta!$B$8,2,-3))+IF(Consulta!$B$9="Qualquer",0,IF($D63=Consulta!$B$9,2,-1))+IF($N63="",0,$N63)-ROW()/100000))))) -> 7.99937
A64: 6 | B64: Parco Sempione e Arco della Pace | C64: Parque | D64: Castello | E64: Parco Sempione | H64: Nunca | J64: Não precisa | K64: M1 Cairoli | L64: Não | AF64: =IF($B64="","",IF(AND(Consulta!$B$11="Sim",$L64<>"Sim"),-9999,IF($H64=Consulta!$B$5,-9999,IF(AND(Consulta!$B$3<>"Qualquer",ISNUMBER(SEARCH(Consulta!$B$3,$AA64))),-9999,IF(AND(Consulta!$B$10="Sim",$V64<>"Sim"),-9999,IF(OR(Consulta!$B$3="Qualquer",ISNUMBER(SEARCH(Consulta!$B$3,$P64))),3,0)+IF(OR(Consulta!$B$12="Qualquer",ISNUMBER(SEARCH(Consulta!$B$12,$Q64))),2,0)+IF(OR(Consulta!$B$4="Qualquer",ISNUMBER(SEARCH(Consulta!$B$4,$R64))),3,0)+IF(Consulta!$B$6="Qualquer",0,IF($O64=Consulta!$B$6,2,-1))+IF(Consulta!$B$7="Não",0,IF($U64="Sim",3,IF($U64="Não",-6,0)))+IF(Consulta!$B$8="Qualquer",0,IF($C64=Consulta!$B$8,2,-3))+IF(Consulta!$B$9="Qualquer",0,IF($D64=Consulta!$B$9,2,-1))+IF($N64="",0,$N64)-ROW()/100000))))) -> 7.99936
A65: 7 | B65: Villa Necchi Campiglio (FAI) | C65: Museu | D65: Porta Venezia | E65: Via Mozart 14 | G65: fondoambiente.it | J65: Recomendada | K65: M1 Palestro | L65: Não | AF65: =IF($B65="","",IF(AND(Consulta!$B$11="Sim",$L65<>"Sim"),-9999,IF($H65=Consulta!$B$5,-9999,IF(AND(Consulta!$B$3<>"Qualquer",ISNUMBER(SEARCH(Consulta!$B$3,$AA65))),-9999,IF(AND(Consulta!$B$10="Sim",$V65<>"Sim"),-9999,IF(OR(Consulta!$B$3="Qualquer",ISNUMBER(SEARCH(Consulta!$B$3,$P65))),3,0)+IF(OR(Consulta!$B$12="Qualquer",ISNUMBER(SEARCH(Consulta!$B$12,$Q65))),2,0)+IF(OR(Consulta!$B$4="Qualquer",ISNUMBER(SEARCH(Consulta!$B$4,$R65))),3,0)+IF(Consulta!$B$6="Qualquer",0,IF($O65=Consulta!$B$6,2,-1))+IF(Consulta!$B$7="Não",0,IF($U65="Sim",3,IF($U65="Não",-6,0)))+IF(Consulta!$B$8="Qualquer",0,IF($C65=Consulta!$B$8,2,-3))+IF(Consulta!$B$9="Qualquer",0,IF($D65=Consulta!$B$9,2,-1))+IF($N65="",0,$N65)-ROW()/100000))))) -> 7.99935
A66: 7 | B66: Casa Galimberti (Liberty) | C66: Monumento | D66: Porta Venezia | E66: Via Malpighi 3 | H66: Nunca | I66: Só exterior | J66: Não precisa | K66: M1 Porta Venezia | L66: Não | AF66: =IF($B66="","",IF(AND(Consulta!$B$11="Sim",$L66<>"Sim"),-9999,IF($H66=Consulta!$B$5,-9999,IF(AND(Consulta!$B$3<>"Qualquer",ISNUMBER(SEARCH(Consulta!$B$3,$AA66))),-9999,IF(AND(Consulta!$B$10="Sim",$V66<>"Sim"),-9999,IF(OR(Consulta!$B$3="Qualquer",ISNUMBER(SEARCH(Consulta!$B$3,$P66))),3,0)+IF(OR(Consulta!$B$12="Qualquer",ISNUMBER(SEARCH(Consulta!$B$12,$Q66))),2,0)+IF(OR(Consulta!$B$4="Qualquer",ISNUMBER(SEARCH(Consulta!$B$4,$R66))),3,0)+IF(Consulta!$B$6="Qualquer",0,IF($O66=Consulta!$B$6,2,-1))+IF(Consulta!$B$7="Não",0,IF($U66="Sim",3,IF($U66="Não",-6,0)))+IF(Consulta!$B$8="Qualquer",0,IF($C66=Consulta!$B$8,2,-3))+IF(Consulta!$B$9="Qualquer",0,IF($D66=Consulta!$B$9,2,-1))+IF($N66="",0,$N66)-ROW()/100000))))) -> 7.99934
A67: 7 | B67: Palazzo Castiglioni (Liberty) | C67: Monumento | D67: Porta Venezia | E67: Corso Venezia 47 | H67: Nunca | I67: Só exterior | J67: Não precisa | K67: M1 Palestro | L67: Não | AF67: =IF($B67="","",IF(AND(Consulta!$B$11="Sim",$L67<>"Sim"),-9999,IF($H67=Consulta!$B$5,-9999,IF(AND(Consulta!$B$3<>"Qualquer",ISNUMBER(SEARCH(Consulta!$B$3,$AA67))),-9999,IF(AND(Consulta!$B$10="Sim",$V67<>"Sim"),-9999,IF(OR(Consulta!$B$3="Qualquer",ISNUMBER(SEARCH(Consulta!$B$3,$P67))),3,0)+IF(OR(Consulta!$B$12="Qualquer",ISNUMBER(SEARCH(Consulta!$B$12,$Q67))),2,0)+IF(OR(Consulta!$B$4="Qualquer",ISNUMBER(SEARCH(Consulta!$B$4,$R67))),3,0)+IF(Consulta!$B$6="Qualquer",0,IF($O67=Consulta!$B$6,2,-1))+IF(Consulta!$B$7="Não",0,IF($U67="Sim",3,IF($U67="Não",-6,0)))+IF(Consulta!$B$8="Qualquer",0,IF($C67=Consulta!$B$8,2,-3))+IF(Consulta!$B$9="Qualquer",0,IF($D67=Consulta!$B$9,2,-1))+IF($N67="",0,$N67)-ROW()/100000))))) -> 7.99933
A68: 7 | B68: Giardini Indro Montanelli | C68: Parque | D68: Porta Venezia | E68: Corso Venezia | H68: Nunca | J68: Não precisa | K68: M1 Palestro | L68: Não | AF68: =IF($B68="","",IF(AND(Consulta!$B$11="Sim",$L68<>"Sim"),-9999,IF($H68=Consulta!$B$5,-9999,IF(AND(Consulta!$B$3<>"Qualquer",ISNUMBER(SEARCH(Consulta!$B$3,$AA68))),-9999,IF(AND(Consulta!$B$10="Sim",$V68<>"Sim"),-9999,IF(OR(Consulta!$B$3="Qualquer",ISNUMBER(SEARCH(Consulta!$B$3,$P68))),3,0)+IF(OR(Consulta!$B$12="Qualquer",ISNUMBER(SEARCH(Consulta!$B$12,$Q68))),2,0)+IF(OR(Consulta!$B$4="Qualquer",ISNUMBER(SEARCH(Consulta!$B$4,$R68))),3,0)+IF(Consulta!$B$6="Qualquer",0,IF($O68=Consulta!$B$6,2,-1))+IF(Consulta!$B$7="Não",0,IF($U68="Sim",3,IF($U68="Não",-6,0)))+IF(Consulta!$B$8="Qualquer",0,IF($C68=Consulta!$B$8,2,-3))+IF(Consulta!$B$9="Qualquer",0,IF($D68=Consulta!$B$9,2,-1))+IF($N68="",0,$N68)-ROW()/100000))))) -> 7.99932
A69: 7 | B69: Museo di Storia Naturale | C69: Museu | D69: Porta Venezia | E69: Corso Venezia 55 | H69: Segunda | J69: Não precisa | K69: M1 Palestro | L69: Não | AF69: =IF($B69="","",IF(AND(Consulta!$B$11="Sim",$L69<>"Sim"),-9999,IF($H69=Consulta!$B$5,-9999,IF(AND(Consulta!$B$3<>"Qualquer",ISNUMBER(SEARCH(Consulta!$B$3,$AA69))),-9999,IF(AND(Consulta!$B$10="Sim",$V69<>"Sim"),-9999,IF(OR(Consulta!$B$3="Qualquer",ISNUMBER(SEARCH(Consulta!$B$3,$P69))),3,0)+IF(OR(Consulta!$B$12="Qualquer",ISNUMBER(SEARCH(Consulta!$B$12,$Q69))),2,0)+IF(OR(Consulta!$B$4="Qualquer",ISNUMBER(SEARCH(Consulta!$B$4,$R69))),3,0)+IF(Consulta!$B$6="Qualquer",0,IF($O69=Consulta!$B$6,2,-1))+IF(Consulta!$B$7="Não",0,IF($U69="Sim",3,IF($U69="Não",-6,0)))+IF(Consulta!$B$8="Qualquer",0,IF($C69=Consulta!$B$8,2,-3))+IF(Consulta!$B$9="Qualquer",0,IF($D69=Consulta!$B$9,2,-1))+IF($N69="",0,$N69)-ROW()/100000))))) -> 7.99931
A70: 7 | B70: Civico Planetario | C70: Experiência | D70: Porta Venezia | E70: Corso Venezia 57 | I70: Sessões com horário | J70: Obrigatória | K70: M1 Palestro | L70: Não | AF70: =IF($B70="","",IF(AND(Consulta!$B$11="Sim",$L70<>"Sim"),-9999,IF($H70=Consulta!$B$5,-9999,IF(AND(Consulta!$B$3<>"Qualquer",ISNUMBER(SEARCH(Consulta!$B$3,$AA70))),-9999,IF(AND(Consulta!$B$10="Sim",$V70<>"Sim"),-9999,IF(OR(Consulta!$B$3="Qualquer",ISNUMBER(SEARCH(Consulta!$B$3,$P70))),3,0)+IF(OR(Consulta!$B$12="Qualquer",ISNUMBER(SEARCH(Consulta!$B$12,$Q70))),2,0)+IF(OR(Consulta!$B$4="Qualquer",ISNUMBER(SEARCH(Consulta!$B$4,$R70))),3,0)+IF(Consulta!$B$6="Qualquer",0,IF($O70=Consulta!$B$6,2,-1))+IF(Consulta!$B$7="Não",0,IF($U70="Sim",3,IF($U70="Não",-6,0)))+IF(Consulta!$B$8="Qualquer",0,IF($C70=Consulta!$B$8,2,-3))+IF(Consulta!$B$9="Qualquer",0,IF($D70=Consulta!$B$9,2,-1))+IF($N70="",0,$N70)-ROW()/100000))))) -> 7.9993
A71: 7 | B71: Fondazione Luigi Rovati | C71: Museu | D71: Porta Venezia | E71: Corso Venezia 52 | G71: fondazioneluigirovati.org | J71: Recomendada | K71: M1 Palestro | L71: Não | AF71: =IF($B71="","",IF(AND(Consulta!$B$11="Sim",$L71<>"Sim"),-9999,IF($H71=Consulta!$B$5,-9999,IF(AND(Consulta!$B$3<>"Qualquer",ISNUMBER(SEARCH(Consulta!$B$3,$AA71))),-9999,IF(AND(Consulta!$B$10="Sim",$V71<>"Sim"),-9999,IF(OR(Consulta!$B$3="Qualquer",ISNUMBER(SEARCH(Consulta!$B$3,$P71))),3,0)+IF(OR(Consulta!$B$12="Qualquer",ISNUMBER(SEARCH(Consulta!$B$12,$Q71))),2,0)+IF(OR(Consulta!$B$4="Qualquer",ISNUMBER(SEARCH(Consulta!$B$4,$R71))),3,0)+IF(Consulta!$B$6="Qualquer",0,IF($O71=Consulta!$B$6,2,-1))+IF(Consulta!$B$7="Não",0,IF($U71="Sim",3,IF($U71="Não",-6,0)))+IF(Consulta!$B$8="Qualquer",0,IF($C71=Consulta!$B$8,2,-3))+IF(Consulta!$B$9="Qualquer",0,IF($D71=Consulta!$B$9,2,-1))+IF($N71="",0,$N71)-ROW()/100000))))) -> 7.99929
A72: 7 | B72: Andrea Aprea (2 estrelas) | C72: Alta gastronomia | D72: Porta Venezia | E72: Corso Venezia 52 | G72: andreaaprea.com | J72: Obrigatória | K72: M1 Palestro | L72: Não | AF72: =IF($B72="","",IF(AND(Consulta!$B$11="Sim",$L72<>"Sim"),-9999,IF($H72=Consulta!$B$5,-9999,IF(AND(Consulta!$B$3<>"Qualquer",ISNUMBER(SEARCH(Consulta!$B$3,$AA72))),-9999,IF(AND(Consulta!$B$10="Sim",$V72<>"Sim"),-9999,IF(OR(Consulta!$B$3="Qualquer",ISNUMBER(SEARCH(Consulta!$B$3,$P72))),3,0)+IF(OR(Consulta!$B$12="Qualquer",ISNUMBER(SEARCH(Consulta!$B$12,$Q72))),2,0)+IF(OR(Consulta!$B$4="Qualquer",ISNUMBER(SEARCH(Consulta!$B$4,$R72))),3,0)+IF(Consulta!$B$6="Qualquer",0,IF($O72=Consulta!$B$6,2,-1))+IF(Consulta!$B$7="Não",0,IF($U72="Sim",3,IF($U72="Não",-6,0)))+IF(Consulta!$B$8="Qualquer",0,IF($C72=Consulta!$B$8,2,-3))+IF(Consulta!$B$9="Qualquer",0,IF($D72=Consulta!$B$9,2,-1))+IF($N72="",0,$N72)-ROW()/100000))))) -> 7.99928
A73: 7 | B73: Bar Basso | C73: Bar/Cocktail | D73: Porta Venezia | E73: Via Plinio 39 | F73: +39 02 2940 0580 | G73: barbasso.com | J73: Não precisa | K73: M1 Lima | L73: Não | AF73: =IF($B73="","",IF(AND(Consulta!$B$11="Sim",$L73<>"Sim"),-9999,IF($H73=Consulta!$B$5,-9999,IF(AND(Consulta!$B$3<>"Qualquer",ISNUMBER(SEARCH(Consulta!$B$3,$AA73))),-9999,IF(AND(Consulta!$B$10="Sim",$V73<>"Sim"),-9999,IF(OR(Consulta!$B$3="Qualquer",ISNUMBER(SEARCH(Consulta!$B$3,$P73))),3,0)+IF(OR(Consulta!$B$12="Qualquer",ISNUMBER(SEARCH(Consulta!$B$12,$Q73))),2,0)+IF(OR(Consulta!$B$4="Qualquer",ISNUMBER(SEARCH(Consulta!$B$4,$R73))),3,0)+IF(Consulta!$B$6="Qualquer",0,IF($O73=Consulta!$B$6,2,-1))+IF(Consulta!$B$7="Não",0,IF($U73="Sim",3,IF($U73="Não",-6,0)))+IF(Consulta!$B$8="Qualquer",0,IF($C73=Consulta!$B$8,2,-3))+IF(Consulta!$B$9="Qualquer",0,IF($D73=Consulta!$B$9,2,-1))+IF($N73="",0,$N73)-ROW()/100000))))) -> 7.99927
A74: 7 | B74: Nottingham Forest | C74: Bar/Cocktail | D74: Porta Venezia | E74: Viale Piave 1 | G74: nottingham-forest.com | J74: Não precisa | K74: M1 Porta Venezia | L74: Não | AF74: =IF($B74="","",IF(AND(Consulta!$B$11="Sim",$L74<>"Sim"),-9999,IF($H74=Consulta!$B$5,-9999,IF(AND(Consulta!$B$3<>"Qualquer",ISNUMBER(SEARCH(Consulta!$B$3,$AA74))),-9999,IF(AND(Consulta!$B$10="Sim",$V74<>"Sim"),-9999,IF(OR(Consulta!$B$3="Qualquer",ISNUMBER(SEARCH(Consulta!$B$3,$P74))),3,0)+IF(OR(Consulta!$B$12="Qualquer",ISNUMBER(SEARCH(Consulta!$B$12,$Q74))),2,0)+IF(OR(Consulta!$B$4="Qualquer",ISNUMBER(SEARCH(Consulta!$B$4,$R74))),3,0)+IF(Consulta!$B$6="Qualquer",0,IF($O74=Consulta!$B$6,2,-1))+IF(Consulta!$B$7="Não",0,IF($U74="Sim",3,IF($U74="Não",-6,0)))+IF(Consulta!$B$8="Qualquer",0,IF($C74=Consulta!$B$8,2,-3))+IF(Consulta!$B$9="Qualquer",0,IF($D74=Consulta!$B$9,2,-1))+IF($N74="",0,$N74)-ROW()/100000))))) -> 7.99926
A75: 7 | B75: Orsonero Coffee | C75: Café/Pasticceria | D75: Porta Venezia | E75: Via Giuseppe Broggi 15 | F75: +39 353 478 9474 | G75: orsonerocoffee.it | J75: Não precisa | K75: M1 Lima | L75: Não | AF75: =IF($B75="","",IF(AND(Consulta!$B$11="Sim",$L75<>"Sim"),-9999,IF($H75=Consulta!$B$5,-9999,IF(AND(Consulta!$B$3<>"Qualquer",ISNUMBER(SEARCH(Consulta!$B$3,$AA75))),-9999,IF(AND(Consulta!$B$10="Sim",$V75<>"Sim"),-9999,IF(OR(Consulta!$B$3="Qualquer",ISNUMBER(SEARCH(Consulta!$B$3,$P75))),3,0)+IF(OR(Consulta!$B$12="Qualquer",ISNUMBER(SEARCH(Consulta!$B$12,$Q75))),2,0)+IF(OR(Consulta!$B$4="Qualquer",ISNUMBER(SEARCH(Consulta!$B$4,$R75))),3,0)+IF(Consulta!$B$6="Qualquer",0,IF($O75=Consulta!$B$6,2,-1))+IF(Consulta!$B$7="Não",0,IF($U75="Sim",3,IF($U75="Não",-6,0)))+IF(Consulta!$B$8="Qualquer",0,IF($C75=Consulta!$B$8,2,-3))+IF(Consulta!$B$9="Qualquer",0,IF($D75=Consulta!$B$9,2,-1))+IF($N75="",0,$N75)-ROW()/100000))))) -> 7.99925
A76: 7 | B76: Joia (alta cozinha vegetariana) | C76: Alta gastronomia | D76: Porta Venezia | E76: Via Panfilo Castaldi 18 | F76: +39 02 204 9244 | G76: joia.it | J76: Obrigatória | K76: M1 Porta Venezia | L76: Não | AF76: =IF($B76="","",IF(AND(Consulta!$B$11="Sim",$L76<>"Sim"),-9999,IF($H76=Consulta!$B$5,-9999,IF(AND(Consulta!$B$3<>"Qualquer",ISNUMBER(SEARCH(Consulta!$B$3,$AA76))),-9999,IF(AND(Consulta!$B$10="Sim",$V76<>"Sim"),-9999,IF(OR(Consulta!$B$3="Qualquer",ISNUMBER(SEARCH(Consulta!$B$3,$P76))),3,0)+IF(OR(Consulta!$B$12="Qualquer",ISNUMBER(SEARCH(Consulta!$B$12,$Q76))),2,0)+IF(OR(Consulta!$B$4="Qualquer",ISNUMBER(SEARCH(Consulta!$B$4,$R76))),3,0)+IF(Consulta!$B$6="Qualquer",0,IF($O76=Consulta!$B$6,2,-1))+IF(Consulta!$B$7="Não",0,IF($U76="Sim",3,IF($U76="Não",-6,0)))+IF(Consulta!$B$8="Qualquer",0,IF($C76=Consulta!$B$8,2,-3))+IF(Consulta!$B$9="Qualquer",0,IF($D76=Consulta!$B$9,2,-1))+IF($N76="",0,$N76)-ROW()/100000))))) -> 7.99924
A77: 8 | B77: Fondazione Prada | C77: Museu | D77: Porta Romana | E77: Largo Isarco 2 | G77: fondazioneprada.org | H77: Terça | I77: ~10:00–19:00 | J77: Recomendada | K77: M3 Lodi T.I.B.B. | L77: Não | AF77: =IF($B77="","",IF(AND(Consulta!$B$11="Sim",$L77<>"Sim"),-9999,IF($H77=Consulta!$B$5,-9999,IF(AND(Consulta!$B$3<>"Qualquer",ISNUMBER(SEARCH(Consulta!$B$3,$AA77))),-9999,IF(AND(Consulta!$B$10="Sim",$V77<>"Sim"),-9999,IF(OR(Consulta!$B$3="Qualquer",ISNUMBER(SEARCH(Consulta!$B$3,$P77))),3,0)+IF(OR(Consulta!$B$12="Qualquer",ISNUMBER(SEARCH(Consulta!$B$12,$Q77))),2,0)+IF(OR(Consulta!$B$4="Qualquer",ISNUMBER(SEARCH(Consulta!$B$4,$R77))),3,0)+IF(Consulta!$B$6="Qualquer",0,IF($O77=Consulta!$B$6,2,-1))+IF(Consulta!$B$7="Não",0,IF($U77="Sim",3,IF($U77="Não",-6,0)))+IF(Consulta!$B$8="Qualquer",0,IF($C77=Consulta!$B$8,2,-3))+IF(Consulta!$B$9="Qualquer",0,IF($D77=Consulta!$B$9,2,-1))+IF($N77="",0,$N77)-ROW()/100000))))) -> 7.99923
A78: 8 | B78: Bar Luce (Fondazione Prada) | C78: Café/Pasticceria | D78: Porta Romana | E78: Largo Isarco 2 | G78: fondazioneprada.org | J78: Não precisa | K78: M3 Lodi T.I.B.B. | L78: Não | AF78: =IF($B78="","",IF(AND(Consulta!$B$11="Sim",$L78<>"Sim"),-9999,IF($H78=Consulta!$B$5,-9999,IF(AND(Consulta!$B$3<>"Qualquer",ISNUMBER(SEARCH(Consulta!$B$3,$AA78))),-9999,IF(AND(Consulta!$B$10="Sim",$V78<>"Sim"),-9999,IF(OR(Consulta!$B$3="Qualquer",ISNUMBER(SEARCH(Consulta!$B$3,$P78))),3,0)+IF(OR(Consulta!$B$12="Qualquer",ISNUMBER(SEARCH(Consulta!$B$12,$Q78))),2,0)+IF(OR(Consulta!$B$4="Qualquer",ISNUMBER(SEARCH(Consulta!$B$4,$R78))),3,0)+IF(Consulta!$B$6="Qualquer",0,IF($O78=Consulta!$B$6,2,-1))+IF(Consulta!$B$7="Não",0,IF($U78="Sim",3,IF($U78="Não",-6,0)))+IF(Consulta!$B$8="Qualquer",0,IF($C78=Consulta!$B$8,2,-3))+IF(Consulta!$B$9="Qualquer",0,IF($D78=Consulta!$B$9,2,-1))+IF($N78="",0,$N78)-ROW()/100000))))) -> 7.99922
A79: 8 | B79: Trattoria Trippa | C79: Trattoria | D79: Porta Romana | E79: Via Giorgio Vasari 1 | F79: +39 327 668 7908 | G79: trippamilano.it | J79: Obrigatória | K79: M3 Porta Romana | L79: Não | AF79: =IF($B79="","",IF(AND(Consulta!$B$11="Sim",$L79<>"Sim"),-9999,IF($H79=Consulta!$B$5,-9999,IF(AND(Consulta!$B$3<>"Qualquer",ISNUMBER(SEARCH(Consulta!$B$3,$AA79))),-9999,IF(AND(Consulta!$B$10="Sim",$V79<>"Sim"),-9999,IF(OR(Consulta!$B$3="Qualquer",ISNUMBER(SEARCH(Consulta!$B$3,$P79))),3,0)+IF(OR(Consulta!$B$12="Qualquer",ISNUMBER(SEARCH(Consulta!$B$12,$Q79))),2,0)+IF(OR(Consulta!$B$4="Qualquer",ISNUMBER(SEARCH(Consulta!$B$4,$R79))),3,0)+IF(Consulta!$B$6="Qualquer",0,IF($O79=Consulta!$B$6,2,-1))+IF(Consulta!$B$7="Não",0,IF($U79="Sim",3,IF($U79="Não",-6,0)))+IF(Consulta!$B$8="Qualquer",0,IF($C79=Consulta!$B$8,2,-3))+IF(Consulta!$B$9="Qualquer",0,IF($D79=Consulta!$B$9,2,-1))+IF($N79="",0,$N79)-ROW()/100000))))) -> 7.99921
A80: 8 | B80: Basilica di San Lorenzo + Colonne | C80: Igreja | D80: Ticinese | E80: Corso di Porta Ticinese 35 | J80: Não precisa | K80: Bonde 3 | L80: Não | AF80: =IF($B80="","",IF(AND(Consulta!$B$11="Sim",$L80<>"Sim"),-9999,IF($H80=Consulta!$B$5,-9999,IF(AND(Consulta!$B$3<>"Qualquer",ISNUMBER(SEARCH(Consulta!$B$3,$AA80))),-9999,IF(AND(Consulta!$B$10="Sim",$V80<>"Sim"),-9999,IF(OR(Consulta!$B$3="Qualquer",ISNUMBER(SEARCH(Consulta!$B$3,$P80))),3,0)+IF(OR(Consulta!$B$12="Qualquer",ISNUMBER(SEARCH(Consulta!$B$12,$Q80))),2,0)+IF(OR(Consulta!$B$4="Qualquer",ISNUMBER(SEARCH(Consulta!$B$4,$R80))),3,0)+IF(Consulta!$B$6="Qualquer",0,IF($O80=Consulta!$B$6,2,-1))+IF(Consulta!$B$7="Não",0,IF($U80="Sim",3,IF($U80="Não",-6,0)))+IF(Consulta!$B$8="Qualquer",0,IF($C80=Consulta!$B$8,2,-3))+IF(Consulta!$B$9="Qualquer",0,IF($D80=Consulta!$B$9,2,-1))+IF($N80="",0,$N80)-ROW()/100000))))) -> 7.9992
A81: 8 | B81: Sant'Eustorgio + Cappella Portinari | C81: Igreja | D81: Ticinese | E81: Piazza Sant'Eustorgio 1 | J81: Não precisa | K81: Bonde 3 | L81: Não | AF81: =IF($B81="","",IF(AND(Consulta!$B$11="Sim",$L81<>"Sim"),-9999,IF($H81=Consulta!$B$5,-9999,IF(AND(Consulta!$B$3<>"Qualquer",ISNUMBER(SEARCH(Consulta!$B$3,$AA81))),-9999,IF(AND(Consulta!$B$10="Sim",$V81<>"Sim"),-9999,IF(OR(Consulta!$B$3="Qualquer",ISNUMBER(SEARCH(Consulta!$B$3,$P81))),3,0)+IF(OR(Consulta!$B$12="Qualquer",ISNUMBER(SEARCH(Consulta!$B$12,$Q81))),2,0)+IF(OR(Consulta!$B$4="Qualquer",ISNUMBER(SEARCH(Consulta!$B$4,$R81))),3,0)+IF(Consulta!$B$6="Qualquer",0,IF($O81=Consulta!$B$6,2,-1))+IF(Consulta!$B$7="Não",0,IF($U81="Sim",3,IF($U81="Não",-6,0)))+IF(Consulta!$B$8="Qualquer",0,IF($C81=Consulta!$B$8,2,-3))+IF(Consulta!$B$9="Qualquer",0,IF($D81=Consulta!$B$9,2,-1))+IF($N81="",0,$N81)-ROW()/100000))))) -> 7.99919
A82: 8 | B82: Museo Diocesano Carlo Maria Martini | C82: Museu | D82: Ticinese | E82: Corso di Porta Ticinese 95 | G82: chiostrisanteustorgio.it | H82: Segunda | J82: Não precisa | K82: Bonde 3 | L82: Não | AF82: =IF($B82="","",IF(AND(Consulta!$B$11="Sim",$L82<>"Sim"),-9999,IF($H82=Consulta!$B$5,-9999,IF(AND(Consulta!$B$3<>"Qualquer",ISNUMBER(SEARCH(Consulta!$B$3,$AA82))),-9999,IF(AND(Consulta!$B$10="Sim",$V82<>"Sim"),-9999,IF(OR(Consulta!$B$3="Qualquer",ISNUMBER(SEARCH(Consulta!$B$3,$P82))),3,0)+IF(OR(Consulta!$B$12="Qualquer",ISNUMBER(SEARCH(Consulta!$B$12,$Q82))),2,0)+IF(OR(Consulta!$B$4="Qualquer",ISNUMBER(SEARCH(Consulta!$B$4,$R82))),3,0)+IF(Consulta!$B$6="Qualquer",0,IF($O82=Consulta!$B$6,2,-1))+IF(Consulta!$B$7="Não",0,IF($U82="Sim",3,IF($U82="Não",-6,0)))+IF(Consulta!$B$8="Qualquer",0,IF($C82=Consulta!$B$8,2,-3))+IF(Consulta!$B$9="Qualquer",0,IF($D82=Consulta!$B$9,2,-1))+IF($N82="",0,$N82)-ROW()/100000))))) -> 7.99918
A83: 8 | B83: Parco delle Basiliche | C83: Parque | D83: Ticinese | E83: Via Molino delle Armi | H83: Nunca | J83: Não precisa | K83: Bonde 3 | L83: Não | AF83: =IF($B83="","",IF(AND(Consulta!$B$11="Sim",$L83<>"Sim"),-9999,IF($H83=Consulta!$B$5,-9999,IF(AND(Consulta!$B$3<>"Qualquer",ISNUMBER(SEARCH(Consulta!$B$3,$AA83))),-9999,IF(AND(Consulta!$B$10="Sim",$V83<>"Sim"),-9999,IF(OR(Consulta!$B$3="Qualquer",ISNUMBER(SEARCH(Consulta!$B$3,$P83))),3,0)+IF(OR(Consulta!$B$12="Qualquer",ISNUMBER(SEARCH(Consulta!$B$12,$Q83))),2,0)+IF(OR(Consulta!$B$4="Qualquer",ISNUMBER(SEARCH(Consulta!$B$4,$R83))),3,0)+IF(Consulta!$B$6="Qualquer",0,IF($O83=Consulta!$B$6,2,-1))+IF(Consulta!$B$7="Não",0,IF($U83="Sim",3,IF($U83="Não",-6,0)))+IF(Consulta!$B$8="Qualquer",0,IF($C83=Consulta!$B$8,2,-3))+IF(Consulta!$B$9="Qualquer",0,IF($D83=Consulta!$B$9,2,-1))+IF($N83="",0,$N83)-ROW()/100000))))) -> 7.99917
A84: 8 | B84: Corso di Porta Romana (passeio) | C84: Experiência | D84: Porta Romana | E84: Corso di Porta Romana | H84: Nunca | J84: Não precisa | K84: M3 Crocetta | L84: Não | AF84: =IF($B84="","",IF(AND(Consulta!$B$11="Sim",$L84<>"Sim"),-9999,IF($H84=Consulta!$B$5,-9999,IF(AND(Consulta!$B$3<>"Qualquer",ISNUMBER(SEARCH(Consulta!$B$3,$AA84))),-9999,IF(AND(Consulta!$B$10="Sim",$V84<>"Sim"),-9999,IF(OR(Consulta!$B$3="Qualquer",ISNUMBER(SEARCH(Consulta!$B$3,$P84))),3,0)+IF(OR(Consulta!$B$12="Qualquer",ISNUMBER(SEARCH(Consulta!$B$12,$Q84))),2,0)+IF(OR(Consulta!$B$4="Qualquer",ISNUMBER(SEARCH(Consulta!$B$4,$R84))),3,0)+IF(Consulta!$B$6="Qualquer",0,IF($O84=Consulta!$B$6,2,-1))+IF(Consulta!$B$7="Não",0,IF($U84="Sim",3,IF($U84="Não",-6,0)))+IF(Consulta!$B$8="Qualquer",0,IF($C84=Consulta!$B$8,2,-3))+IF(Consulta!$B$9="Qualquer",0,IF($D84=Consulta!$B$9,2,-1))+IF($N84="",0,$N84)-ROW()/100000))))) -> 7.99916
A85: 8 | B85: Basilica di Sant'Ambrogio | C85: Igreja | D85: Sant'Ambrogio | E85: Piazza Sant'Ambrogio 15 | G85: basilicasantambrogio.it | J85: Não precisa | K85: M2 Sant'Ambrogio | L85: Não | AF85: =IF($B85="","",IF(AND(Consulta!$B$11="Sim",$L85<>"Sim"),-9999,IF($H85=Consulta!$B$5,-9999,IF(AND(Consulta!$B$3<>"Qualquer",ISNUMBER(SEARCH(Consulta!$B$3,$AA85))),-9999,IF(AND(Consulta!$B$10="Sim",$V85<>"Sim"),-9999,IF(OR(Consulta!$B$3="Qualquer",ISNUMBER(SEARCH(Consulta!$B$3,$P85))),3,0)+IF(OR(Consulta!$B$12="Qualquer",ISNUMBER(SEARCH(Consulta!$B$12,$Q85))),2,0)+IF(OR(Consulta!$B$4="Qualquer",ISNUMBER(SEARCH(Consulta!$B$4,$R85))),3,0)+IF(Consulta!$B$6="Qualquer",0,IF($O85=Consulta!$B$6,2,-1))+IF(Consulta!$B$7="Não",0,IF($U85="Sim",3,IF($U85="Não",-6,0)))+IF(Consulta!$B$8="Qualquer",0,IF($C85=Consulta!$B$8,2,-3))+IF(Consulta!$B$9="Qualquer",0,IF($D85=Consulta!$B$9,2,-1))+IF($N85="",0,$N85)-ROW()/100000))))) -> 7.99915
A86: 9 | B86: Piazza Gae Aulenti | C86: Monumento | D86: Porta Nuova | E86: Piazza Gae Aulenti | H86: Nunca | J86: Não precisa | K86: M2/M5 Garibaldi | L86: Não | AF86: =IF($B86="","",IF(AND(Consulta!$B$11="Sim",$L86<>"Sim"),-9999,IF($H86=Consulta!$B$5,-9999,IF(AND(Consulta!$B$3<>"Qualquer",ISNUMBER(SEARCH(Consulta!$B$3,$AA86))),-9999,IF(AND(Consulta!$B$10="Sim",$V86<>"Sim"),-9999,IF(OR(Consulta!$B$3="Qualquer",ISNUMBER(SEARCH(Consulta!$B$3,$P86))),3,0)+IF(OR(Consulta!$B$12="Qualquer",ISNUMBER(SEARCH(Consulta!$B$12,$Q86))),2,0)+IF(OR(Consulta!$B$4="Qualquer",ISNUMBER(SEARCH(Consulta!$B$4,$R86))),3,0)+IF(Consulta!$B$6="Qualquer",0,IF($O86=Consulta!$B$6,2,-1))+IF(Consulta!$B$7="Não",0,IF($U86="Sim",3,IF($U86="Não",-6,0)))+IF(Consulta!$B$8="Qualquer",0,IF($C86=Consulta!$B$8,2,-3))+IF(Consulta!$B$9="Qualquer",0,IF($D86=Consulta!$B$9,2,-1))+IF($N86="",0,$N86)-ROW()/100000))))) -> 7.99914
A87: 9 | B87: Bosco Verticale | C87: Monumento | D87: Porta Nuova | E87: Via Gaetano de Castillia | H87: Nunca | I87: Só exterior | J87: Não precisa | K87: M5 Isola | L87: Não | AF87: =IF($B87="","",IF(AND(Consulta!$B$11="Sim",$L87<>"Sim"),-9999,IF($H87=Consulta!$B$5,-9999,IF(AND(Consulta!$B$3<>"Qualquer",ISNUMBER(SEARCH(Consulta!$B$3,$AA87))),-9999,IF(AND(Consulta!$B$10="Sim",$V87<>"Sim"),-9999,IF(OR(Consulta!$B$3="Qualquer",ISNUMBER(SEARCH(Consulta!$B$3,$P87))),3,0)+IF(OR(Consulta!$B$12="Qualquer",ISNUMBER(SEARCH(Consulta!$B$12,$Q87))),2,0)+IF(OR(Consulta!$B$4="Qualquer",ISNUMBER(SEARCH(Consulta!$B$4,$R87))),3,0)+IF(Consulta!$B$6="Qualquer",0,IF($O87=Consulta!$B$6,2,-1))+IF(Consulta!$B$7="Não",0,IF($U87="Sim",3,IF($U87="Não",-6,0)))+IF(Consulta!$B$8="Qualquer",0,IF($C87=Consulta!$B$8,2,-3))+IF(Consulta!$B$9="Qualquer",0,IF($D87=Consulta!$B$9,2,-1))+IF($N87="",0,$N87)-ROW()/100000))))) -> 7.99913
A88: 9 | B88: BAM — Biblioteca degli Alberi | C88: Parque | D88: Porta Nuova | E88: Via Gaetano de Castillia | G88: bam.milano.it | H88: Nunca | J88: Não precisa | K88: M2/M5 Garibaldi | L88: Não | AF88: =IF($B88="","",IF(AND(Consulta!$B$11="Sim",$L88<>"Sim"),-9999,IF($H88=Consulta!$B$5,-9999,IF(AND(Consulta!$B$3<>"Qualquer",ISNUMBER(SEARCH(Consulta!$B$3,$AA88))),-9999,IF(AND(Consulta!$B$10="Sim",$V88<>"Sim"),-9999,IF(OR(Consulta!$B$3="Qualquer",ISNUMBER(SEARCH(Consulta!$B$3,$P88))),3,0)+IF(OR(Consulta!$B$12="Qualquer",ISNUMBER(SEARCH(Consulta!$B$12,$Q88))),2,0)+IF(OR(Consulta!$B$4="Qualquer",ISNUMBER(SEARCH(Consulta!$B$4,$R88))),3,0)+IF(Consulta!$B$6="Qualquer",0,IF($O88=Consulta!$B$6,2,-1))+IF(Consulta!$B$7="Não",0,IF($U88="Sim",3,IF($U88="Não",-6,0)))+IF(Consulta!$B$8="Qualquer",0,IF($C88=Consulta!$B$8,2,-3))+IF(Consulta!$B$9="Qualquer",0,IF($D88=Consulta!$B$9,2,-1))+IF($N88="",0,$N88)-ROW()/100000))))) -> 7.99912
A89: 9 | B89: Corso Como | C89: Experiência | D89: Porta Nuova | E89: Corso Como | H89: Nunca | J89: Não precisa | K89: M2/M5 Garibaldi | L89: Não | AF89: =IF($B89="","",IF(AND(Consulta!$B$11="Sim",$L89<>"Sim"),-9999,IF($H89=Consulta!$B$5,-9999,IF(AND(Consulta!$B$3<>"Qualquer",ISNUMBER(SEARCH(Consulta!$B$3,$AA89))),-9999,IF(AND(Consulta!$B$10="Sim",$V89<>"Sim"),-9999,IF(OR(Consulta!$B$3="Qualquer",ISNUMBER(SEARCH(Consulta!$B$3,$P89))),3,0)+IF(OR(Consulta!$B$12="Qualquer",ISNUMBER(SEARCH(Consulta!$B$12,$Q89))),2,0)+IF(OR(Consulta!$B$4="Qualquer",ISNUMBER(SEARCH(Consulta!$B$4,$R89))),3,0)+IF(Consulta!$B$6="Qualquer",0,IF($O89=Consulta!$B$6,2,-1))+IF(Consulta!$B$7="Não",0,IF($U89="Sim",3,IF($U89="Não",-6,0)))+IF(Consulta!$B$8="Qualquer",0,IF($C89=Consulta!$B$8,2,-3))+IF(Consulta!$B$9="Qualquer",0,IF($D89=Consulta!$B$9,2,-1))+IF($N89="",0,$N89)-ROW()/100000))))) -> 7.99911
A90: 9 | B90: Ristorante Ratanà | C90: Restaurante | D90: Porta Nuova | E90: Via Gaetano de Castillia 28 | F90: +39 02 8712 8855 | G90: ratana.it | J90: Obrigatória | K90: M5 Isola | L90: Não | AF90: =IF($B90="","",IF(AND(Consulta!$B$11="Sim",$L90<>"Sim"),-9999,IF($H90=Consulta!$B$5,-9999,IF(AND(Consulta!$B$3<>"Qualquer",ISNUMBER(SEARCH(Consulta!$B$3,$AA90))),-9999,IF(AND(Consulta!$B$10="Sim",$V90<>"Sim"),-9999,IF(OR(Consulta!$B$3="Qualquer",ISNUMBER(SEARCH(Consulta!$B$3,$P90))),3,0)+IF(OR(Consulta!$B$12="Qualquer",ISNUMBER(SEARCH(Consulta!$B$12,$Q90))),2,0)+IF(OR(Consulta!$B$4="Qualquer",ISNUMBER(SEARCH(Consulta!$B$4,$R90))),3,0)+IF(Consulta!$B$6="Qualquer",0,IF($O90=Consulta!$B$6,2,-1))+IF(Consulta!$B$7="Não",0,IF($U90="Sim",3,IF($U90="Não",-6,0)))+IF(Consulta!$B$8="Qualquer",0,IF($C90=Consulta!$B$8,2,-3))+IF(Consulta!$B$9="Qualquer",0,IF($D90=Consulta!$B$9,2,-1))+IF($N90="",0,$N90)-ROW()/100000))))) -> 7.9991
A91: 9 | B91: Isola (passeio de bairro) | C91: Experiência | D91: Isola | E91: Isola | H91: Nunca | J91: Não precisa | K91: M5 Isola | L91: Não | AF91: =IF($B91="","",IF(AND(Consulta!$B$11="Sim",$L91<>"Sim"),-9999,IF($H91=Consulta!$B$5,-9999,IF(AND(Consulta!$B$3<>"Qualquer",ISNUMBER(SEARCH(Consulta!$B$3,$AA91))),-9999,IF(AND(Consulta!$B$10="Sim",$V91<>"Sim"),-9999,IF(OR(Consulta!$B$3="Qualquer",ISNUMBER(SEARCH(Consulta!$B$3,$P91))),3,0)+IF(OR(Consulta!$B$12="Qualquer",ISNUMBER(SEARCH(Consulta!$B$12,$Q91))),2,0)+IF(OR(Consulta!$B$4="Qualquer",ISNUMBER(SEARCH(Consulta!$B$4,$R91))),3,0)+IF(Consulta!$B$6="Qualquer",0,IF($O91=Consulta!$B$6,2,-1))+IF(Consulta!$B$7="Não",0,IF($U91="Sim",3,IF($U91="Não",-6,0)))+IF(Consulta!$B$8="Qualquer",0,IF($C91=Consulta!$B$8,2,-3))+IF(Consulta!$B$9="Qualquer",0,IF($D91=Consulta!$B$9,2,-1))+IF($N91="",0,$N91)-ROW()/100000))))) -> 7.99909
A92: 9 | B92: Pirelli HangarBicocca | C92: Museu | D92: Bicocca | E92: Via Chiese 2 | G92: pirellihangarbicocca.org | I92: Entrada gratuita (confirmar) | J92: Não precisa | K92: M5 Ponale | L92: Não | AF92: =IF($B92="","",IF(AND(Consulta!$B$11="Sim",$L92<>"Sim"),-9999,IF($H92=Consulta!$B$5,-9999,IF(AND(Consulta!$B$3<>"Qualquer",ISNUMBER(SEARCH(Consulta!$B$3,$AA92))),-9999,IF(AND(Consulta!$B$10="Sim",$V92<>"Sim"),-9999,IF(OR(Consulta!$B$3="Qualquer",ISNUMBER(SEARCH(Consulta!$B$3,$P92))),3,0)+IF(OR(Consulta!$B$12="Qualquer",ISNUMBER(SEARCH(Consulta!$B$12,$Q92))),2,0)+IF(OR(Consulta!$B$4="Qualquer",ISNUMBER(SEARCH(Consulta!$B$4,$R92))),3,0)+IF(Consulta!$B$6="Qualquer",0,IF($O92=Consulta!$B$6,2,-1))+IF(Consulta!$B$7="Não",0,IF($U92="Sim",3,IF($U92="Não",-6,0)))+IF(Consulta!$B$8="Qualquer",0,IF($C92=Consulta!$B$8,2,-3))+IF(Consulta!$B$9="Qualquer",0,IF($D92=Consulta!$B$9,2,-1))+IF($N92="",0,$N92)-ROW()/100000))))) -> 7.99908
A93: 9 | B93: Stazione Centrale + Memoriale della Shoah (Binario 21) | C93: Monumento | D93: Centrale | E93: Piazza Duca d'Aosta / Via Ferrante Aporti 3 | G93: memorialeshoah.it | J93: Recomendada | K93: M2/M3 Centrale | L93: Não | AF93: =IF($B93="","",IF(AND(Consulta!$B$11="Sim",$L93<>"Sim"),-9999,IF($H93=Consulta!$B$5,-9999,IF(AND(Consulta!$B$3<>"Qualquer",ISNUMBER(SEARCH(Consulta!$B$3,$AA93))),-9999,IF(AND(Consulta!$B$10="Sim",$V93<>"Sim"),-9999,IF(OR(Consulta!$B$3="Qualquer",ISNUMBER(SEARCH(Consulta!$B$3,$P93))),3,0)+IF(OR(Consulta!$B$12="Qualquer",ISNUMBER(SEARCH(Consulta!$B$12,$Q93))),2,0)+IF(OR(Consulta!$B$4="Qualquer",ISNUMBER(SEARCH(Consulta!$B$4,$R93))),3,0)+IF(Consulta!$B$6="Qualquer",0,IF($O93=Consulta!$B$6,2,-1))+IF(Consulta!$B$7="Não",0,IF($U93="Sim",3,IF($U93="Não",-6,0)))+IF(Consulta!$B$8="Qualquer",0,IF($C93=Consulta!$B$8,2,-3))+IF(Consulta!$B$9="Qualquer",0,IF($D93=Consulta!$B$9,2,-1))+IF($N93="",0,$N93)-ROW()/100000))))) -> 7.99907
A94: 9 | B94: Excelsior Hotel Gallia — rooftop | C94: Hotel | D94: Centrale | E94: Piazza Duca d'Aosta 9 | F94: +39 02 67851 | G94: marriott.com | H94: Nunca | J94: Recomendada | K94: M2/M3 Centrale | L94: Não | AF94: =IF($B94="","",IF(AND(Consulta!$B$11="Sim",$L94<>"Sim"),-9999,IF($H94=Consulta!$B$5,-9999,IF(AND(Consulta!$B$3<>"Qualquer",ISNUMBER(SEARCH(Consulta!$B$3,$AA94))),-9999,IF(AND(Consulta!$B$10="Sim",$V94<>"Sim"),-9999,IF(OR(Consulta!$B$3="Qualquer",ISNUMBER(SEARCH(Consulta!$B$3,$P94))),3,0)+IF(OR(Consulta!$B$12="Qualquer",ISNUMBER(SEARCH(Consulta!$B$12,$Q94))),2,0)+IF(OR(Consulta!$B$4="Qualquer",ISNUMBER(SEARCH(Consulta!$B$4,$R94))),3,0)+IF(Consulta!$B$6="Qualquer",0,IF($O94=Consulta!$B$6,2,-1))+IF(Consulta!$B$7="Não",0,IF($U94="Sim",3,IF($U94="Não",-6,0)))+IF(Consulta!$B$8="Qualquer",0,IF($C94=Consulta!$B$8,2,-3))+IF(Consulta!$B$9="Qualquer",0,IF($D94=Consulta!$B$9,2,-1))+IF($N94="",0,$N94)-ROW()/100000))))) -> 7.99906
A95: 9 | B95: Torre Pirelli (exterior) | C95: Monumento | D95: Centrale | E95: Via Fabio Filzi 22 | H95: Nunca | I95: Só exterior | J95: Não precisa | K95: M2/M3 Centrale | L95: Não | AF95: =IF($B95="","",IF(AND(Consulta!$B$11="Sim",$L95<>"Sim"),-9999,IF($H95=Consulta!$B$5,-9999,IF(AND(Consulta!$B$3<>"Qualquer",ISNUMBER(SEARCH(Consulta!$B$3,$AA95))),-9999,IF(AND(Consulta!$B$10="Sim",$V95<>"Sim"),-9999,IF(OR(Consulta!$B$3="Qualquer",ISNUMBER(SEARCH(Consulta!$B$3,$P95))),3,0)+IF(OR(Consulta!$B$12="Qualquer",ISNUMBER(SEARCH(Consulta!$B$12,$Q95))),2,0)+IF(OR(Consulta!$B$4="Qualquer",ISNUMBER(SEARCH(Consulta!$B$4,$R95))),3,0)+IF(Consulta!$B$6="Qualquer",0,IF($O95=Consulta!$B$6,2,-1))+IF(Consulta!$B$7="Não",0,IF($U95="Sim",3,IF($U95="Não",-6,0)))+IF(Consulta!$B$8="Qualquer",0,IF($C95=Consulta!$B$8,2,-3))+IF(Consulta!$B$9="Qualquer",0,IF($D95=Consulta!$B$9,2,-1))+IF($N95="",0,$N95)-ROW()/100000))))) -> 7.99905
A96: 10 | B96: Naviglio Grande | C96: Experiência | D96: Navigli | E96: Alzaia Naviglio Grande | H96: Nunca | J96: Não precisa | K96: M2 Porta Genova | L96: Não | AF96: =IF($B96="","",IF(AND(Consulta!$B$11="Sim",$L96<>"Sim"),-9999,IF($H96=Consulta!$B$5,-9999,IF(AND(Consulta!$B$3<>"Qualquer",ISNUMBER(SEARCH(Consulta!$B$3,$AA96))),-9999,IF(AND(Consulta!$B$10="Sim",$V96<>"Sim"),-9999,IF(OR(Consulta!$B$3="Qualquer",ISNUMBER(SEARCH(Consulta!$B$3,$P96))),3,0)+IF(OR(Consulta!$B$12="Qualquer",ISNUMBER(SEARCH(Consulta!$B$12,$Q96))),2,0)+IF(OR(Consulta!$B$4="Qualquer",ISNUMBER(SEARCH(Consulta!$B$4,$R96))),3,0)+IF(Consulta!$B$6="Qualquer",0,IF($O96=Consulta!$B$6,2,-1))+IF(Consulta!$B$7="Não",0,IF($U96="Sim",3,IF($U96="Não",-6,0)))+IF(Consulta!$B$8="Qualquer",0,IF($C96=Consulta!$B$8,2,-3))+IF(Consulta!$B$9="Qualquer",0,IF($D96=Consulta!$B$9,2,-1))+IF($N96="",0,$N96)-ROW()/100000))))) -> 7.99904
A97: 10 | B97: Darsena | C97: Experiência | D97: Navigli | E97: Darsena | H97: Nunca | J97: Não precisa | K97: M2 Porta Genova | L97: Não | AF97: =IF($B97="","",IF(AND(Consulta!$B$11="Sim",$L97<>"Sim"),-9999,IF($H97=Consulta!$B$5,-9999,IF(AND(Consulta!$B$3<>"Qualquer",ISNUMBER(SEARCH(Consulta!$B$3,$AA97))),-9999,IF(AND(Consulta!$B$10="Sim",$V97<>"Sim"),-9999,IF(OR(Consulta!$B$3="Qualquer",ISNUMBER(SEARCH(Consulta!$B$3,$P97))),3,0)+IF(OR(Consulta!$B$12="Qualquer",ISNUMBER(SEARCH(Consulta!$B$12,$Q97))),2,0)+IF(OR(Consulta!$B$4="Qualquer",ISNUMBER(SEARCH(Consulta!$B$4,$R97))),3,0)+IF(Consulta!$B$6="Qualquer",0,IF($O97=Consulta!$B$6,2,-1))+IF(Consulta!$B$7="Não",0,IF($U97="Sim",3,IF($U97="Não",-6,0)))+IF(Consulta!$B$8="Qualquer",0,IF($C97=Consulta!$B$8,2,-3))+IF(Consulta!$B$9="Qualquer",0,IF($D97=Consulta!$B$9,2,-1))+IF($N97="",0,$N97)-ROW()/100000))))) -> 7.99903
A98: 10 | B98: Vicolo dei Lavandai | C98: Monumento | D98: Navigli | E98: Vicolo dei Lavandai | H98: Nunca | J98: Não precisa | K98: M2 Porta Genova | L98: Não | AF98: =IF($B98="","",IF(AND(Consulta!$B$11="Sim",$L98<>"Sim"),-9999,IF($H98=Consulta!$B$5,-9999,IF(AND(Consulta!$B$3<>"Qualquer",ISNUMBER(SEARCH(Consulta!$B$3,$AA98))),-9999,IF(AND(Consulta!$B$10="Sim",$V98<>"Sim"),-9999,IF(OR(Consulta!$B$3="Qualquer",ISNUMBER(SEARCH(Consulta!$B$3,$P98))),3,0)+IF(OR(Consulta!$B$12="Qualquer",ISNUMBER(SEARCH(Consulta!$B$12,$Q98))),2,0)+IF(OR(Consulta!$B$4="Qualquer",ISNUMBER(SEARCH(Consulta!$B$4,$R98))),3,0)+IF(Consulta!$B$6="Qualquer",0,IF($O98=Consulta!$B$6,2,-1))+IF(Consulta!$B$7="Não",0,IF($U98="Sim",3,IF($U98="Não",-6,0)))+IF(Consulta!$B$8="Qualquer",0,IF($C98=Consulta!$B$8,2,-3))+IF(Consulta!$B$9="Qualquer",0,IF($D98=Consulta!$B$9,2,-1))+IF($N98="",0,$N98)-ROW()/100000))))) -> 7.99902
A99: 10 | B99: Ponte delle Gabelle | C99: Monumento | D99: Isola | E99: Via San Marco | H99: Nunca | J99: Não precisa | K99: M2 Moscova | L99: Não | AF99: =IF($B99="","",IF(AND(Consulta!$B$11="Sim",$L99<>"Sim"),-9999,IF($H99=Consulta!$B$5,-9999,IF(AND(Consulta!$B$3<>"Qualquer",ISNUMBER(SEARCH(Consulta!$B$3,$AA99))),-9999,IF(AND(Consulta!$B$10="Sim",$V99<>"Sim"),-9999,IF(OR(Consulta!$B$3="Qualquer",ISNUMBER(SEARCH(Consulta!$B$3,$P99))),3,0)+IF(OR(Consulta!$B$12="Qualquer",ISNUMBER(SEARCH(Consulta!$B$12,$Q99))),2,0)+IF(OR(Consulta!$B$4="Qualquer",ISNUMBER(SEARCH(Consulta!$B$4,$R99))),3,0)+IF(Consulta!$B$6="Qualquer",0,IF($O99=Consulta!$B$6,2,-1))+IF(Consulta!$B$7="Não",0,IF($U99="Sim",3,IF($U99="Não",-6,0)))+IF(Consulta!$B$8="Qualquer",0,IF($C99=Consulta!$B$8,2,-3))+IF(Consulta!$B$9="Qualquer",0,IF($D99=Consulta!$B$9,2,-1))+IF($N99="",0,$N99)-ROW()/100000))))) -> 7.99901
A100: 10 | B100: Rita Cocktails | C100: Bar/Cocktail | D100: Navigli | E100: Via Angelo Fumagalli 1 | F100: +39 02 837 2865 | G100: ritacocktails.com | J100: Não precisa | K100: M2 Porta Genova | L100: Não | AF100: =IF($B100="","",IF(AND(Consulta!$B$11="Sim",$L100<>"Sim"),-9999,IF($H100=Consulta!$B$5,-9999,IF(AND(Consulta!$B$3<>"Qualquer",ISNUMBER(SEARCH(Consulta!$B$3,$AA100))),-9999,IF(AND(Consulta!$B$10="Sim",$V100<>"Sim"),-9999,IF(OR(Consulta!$B$3="Qualquer",ISNUMBER(SEARCH(Consulta!$B$3,$P100))),3,0)+IF(OR(Consulta!$B$12="Qualquer",ISNUMBER(SEARCH(Consulta!$B$12,$Q100))),2,0)+IF(OR(Consulta!$B$4="Qualquer",ISNUMBER(SEARCH(Consulta!$B$4,$R100))),3,0)+IF(Consulta!$B$6="Qualquer",0,IF($O100=Consulta!$B$6,2,-1))+IF(Consulta!$B$7="Não",0,IF($U100="Sim",3,IF($U100="Não",-6,0)))+IF(Consulta!$B$8="Qualquer",0,IF($C100=Consulta!$B$8,2,-3))+IF(Consulta!$B$9="Qualquer",0,IF($D100=Consulta!$B$9,2,-1))+IF($N100="",0,$N100)-ROW()/100000))))) -> 7.999
...

Sheet Progresso
A1: Progresso das 12 semanas
A3: Semana | B3: Tema | C3: Total | D3: Visitados | E3: Falta | F3: % concluído
A4: 1 | B4: Centro | C4: =COUNTIF(Fichas!$A$2:$A$260,$A4) -> 15 | D4: =COUNTIFS(Fichas!$A$2:$A$260,$A4,Fichas!$L$2:$L$260,"Sim") -> 0 | E4: =C4-D4 -> 15 | F4: =IFERROR(D4/C4,0) -> 0
A5: 2 | B5: Brera | C5: =COUNTIF(Fichas!$A$2:$A$260,$A5) -> 10 | D5: =COUNTIFS(Fichas!$A$2:$A$260,$A5,Fichas!$L$2:$L$260,"Sim") -> 0 | E5: =C5-D5 -> 10 | F5: =IFERROR(D5/C5,0) -> 0
A6: 3 | B6: Leonardo | C6: =COUNTIF(Fichas!$A$2:$A$260,$A6) -> 8 | D6: =COUNTIFS(Fichas!$A$2:$A$260,$A6,Fichas!$L$2:$L$260,"Sim") -> 0 | E6: =C6-D6 -> 8 | F6: =IFERROR(D6/C6,0) -> 0
A7: 4 | B7: Milão secreta | C7: =COUNTIF(Fichas!$A$2:$A$260,$A7) -> 12 | D7: =COUNTIFS(Fichas!$A$2:$A$260,$A7,Fichas!$L$2:$L$260,"Sim") -> 0 | E7: =C7-D7 -> 12 | F7: =IFERROR(D7/C7,0) -> 0
A8: 5 | B8: Moda | C8: =COUNTIF(Fichas!$A$2:$A$260,$A8) -> 10 | D8: =COUNTIFS(Fichas!$A$2:$A$260,$A8,Fichas!$L$2:$L$260,"Sim") -> 0 | E8: =C8-D8 -> 10 | F8: =IFERROR(D8/C8,0) -> 0
A9: 6 | B9: Design | C9: =COUNTIF(Fichas!$A$2:$A$260,$A9) -> 8 | D9: =COUNTIFS(Fichas!$A$2:$A$260,$A9,Fichas!$L$2:$L$260,"Sim") -> 0 | E9: =C9-D9 -> 8 | F9: =IFERROR(D9/C9,0) -> 0
A10: 7 | B10: Porta Venezia | C10: =COUNTIF(Fichas!$A$2:$A$260,$A10) -> 12 | D10: =COUNTIFS(Fichas!$A$2:$A$260,$A10,Fichas!$L$2:$L$260,"Sim") -> 0 | E10: =C10-D10 -> 12 | F10: =IFERROR(D10/C10,0) -> 0
A11: 8 | B11: Porta Romana / Ticinese | C11: =COUNTIF(Fichas!$A$2:$A$260,$A11) -> 9 | D11: =COUNTIFS(Fichas!$A$2:$A$260,$A11,Fichas!$L$2:$L$260,"Sim") -> 0 | E11: =C11-D11 -> 9 | F11: =IFERROR(D11/C11,0) -> 0
A12: 9 | B12: Porta Nuova / Isola | C12: =COUNTIF(Fichas!$A$2:$A$260,$A12) -> 10 | D12: =COUNTIFS(Fichas!$A$2:$A$260,$A12,Fichas!$L$2:$L$260,"Sim") -> 0 | E12: =C12-D12 -> 10 | F12: =IFERROR(D12/C12,0) -> 0
A13: 10 | B13: Navigli | C13: =COUNTIF(Fichas!$A$2:$A$260,$A13) -> 8 | D13: =COUNTIFS(Fichas!$A$2:$A$260,$A13,Fichas!$L$2:$L$260,"Sim") -> 0 | E13: =C13-D13 -> 8 | F13: =IFERROR(D13/C13,0) -> 0
A14: 11 | B14: CityLife / San Siro | C14: =COUNTIF(Fichas!$A$2:$A$260,$A14) -> 7 | D14: =COUNTIFS(Fichas!$A$2:$A$260,$A14,Fichas!$L$2:$L$260,"Sim") -> 0 | E14: =C14-D14 -> 7 | F14: =IFERROR(D14/C14,0) -> 0
A15: 12 | B15: Luxury concierge | C15: =COUNTIF(Fichas!$A$2:$A$260,$A15) -> 10 | D15: =COUNTIFS(Fichas!$A$2:$A$260,$A15,Fichas!$L$2:$L$260,"Sim") -> 0 | E15: =C15-D15 -> 10 | F15: =IFERROR(D15/C15,0) -> 0
... A18: 15 | B18: Experiências premium | C18: =COUNTIF(Fichas!$A$2:$A$260,$A18) -> 16 | D18: =COUNTIFS(Fichas!$A$2:$A$260,$A18,Fichas!$L$2:$L$260,"Sim") -> 0 | E18: =C18-D18 -> 16 | F18: =IFERROR(D18/C18,0) -> 0
B19: TOTAL | C19: =SUM(C4:C18) -> 163 | D19: =SUM(D4:D18) -> 0 | E19: =C19-D19 -> 163 | F19: =IFERROR(D19/C19,0) -> 0
A21: Fichas com nota preenchida | D21: =COUNTIF(Fichas!$N$2:$N$260,">0") -> 0
A22: Marcados como LGBTQIA+ friendly | D22: =COUNTIF(Fichas!$V$2:$V$260,"Sim") -> 0
A23: Marcados como acessíveis | D23: =COUNTIF(Fichas!$W$2:$W$260,"Sim") -> 0
A24: Servem com chuva | D24: =COUNTIF(Fichas!$U$2:$U$260,"Sim") -> 0
